小区名称,销售状态,位置,房屋类型,更新时间,售价/均价,参考总价
鸿泰乐颐小镇,在售,[崇明-崇明新城]崇明海永乡（近长征农场）,一居(2),2018.01.27,"最低14,000元/m²起",91-120万元
融科托斯卡纳庄园,在售,[崇明-崇明新城]上海市崇明县海永乡长征...,五居及以上(2),2017.04.06,339万元/套,
蓝湖湾(别墅),在售,[崇明-崇明新城]崇明岛北首永兴路 ,四居(2),2017.05.12,376万元/套,
东滩花园,在售,[崇明-陈家镇]崇明陈家镇揽海路1号 ,四居(2),2018.02.24,"1,240-1,440万元/套",
君地蔚林半岛,待售,[崇明-崇明新城]永兴路118号,三居(1),2017.04.06,总价待定,
绿岛江湾城,待售,[崇明-崇明新城]西北角永兴西路长征农场北首,一居(1),2018.01.27,售价待定,总价待定
绿地曼哈顿（商办）,待售,[崇明-崇明新城]崇明城桥镇江帆路379号,,2017.04.07,"均价14,000元/m²",总价待定
亚通水岸景苑,待售,[崇明-崇明新城]城桥镇东引路369弄,三居(1),2017.01.10,"均价16,500元/m²",总价待定
东亚威尼斯公馆,待售,[崇明-崇明新城]城桥镇乔松路750号 ,二居(2)，三居(3)，四居(1),2017.04.07,"均价26,000元/m²",224-354万元
泰禾大城小院,在售,[崇明]凤凰公路与潘园公路交叉口,三居(1),2018.02.25,"均价27,000元/m²",267万元
禹洲东滩雍禧,在售,[崇明-陈家镇]陈家镇北陈公路1568号,二居(1)，三居(1),2018.01.30,378-420万元/套,
东滩豫翠苑,在售,[崇明-陈家镇] 崇明北陈公路银鸥西路,二居(1)，三居(1),2017.04.06,389-418万元/套,
御岛财富公馆,在售,[崇明-长兴岛]上海长兴岛凤蓉路455弄,三居(2)，四居(1)，五居及以上(1),2017.04.06,"均价35,000元/m²","417-1,005万元"
堤亚纳昱墅,在售,[崇明-崇明新城]上海崇明港东公路66弄 ,四居(1),2017.02.08,703万元/套,
蓝湖湾,在售,[崇明-崇明新城]崇明岛北首永兴路 ,二居(3)，三居(1),2017.04.07,"均价11,000元/m²","774-1,034万元"
葛洲坝绿城玉兰花园,在售,[青浦-青浦新城]青浦清河湾路1699弄...,二居(2)，三居(1)，四居(2),2018.03.15,"最低38,000元/m²起",490-823万元
盛誉世家,在售,[青浦-青浦新城]上海市青浦区盈港路淀湖路,三居(5)，四居(1),2018.03.13,"最低41,500元/m²起",410-598万元
首创禧悦翠庭,在售,[青浦-青浦新城]青浦区淀山湖大道丁家港...,二居(2)，三居(2)，四居(2),2018.02.28,"最低38,000元/m²起",450-525万元
泰禾红桥,在售,[青浦-青浦新城]青浦沪青平公路青湖东路...,二居(1)，三居(4),2018.03.14,"均价39,000元/m²",347-355万元
融信铂爵,待售,[青浦-青浦新城]青浦区淀山湖大道青浦大...,三居(3),2018.03.14,售价待定,"43,400元/m²"
保利建工西郊锦庐,在售,[青浦-赵巷] 青浦区嘉松中路6999号,四居(2),2018.02.28,593万元/套,
宝业爱多邦,在售,[青浦-青浦新城]上海市青浦区青湖东路近...,二居(1)，三居(2)，四居(1),2018.02.28,"均价41,000元/m²",320-554万元
绿地新里波洛克公馆,待售,[青浦-青浦北部]重固福泉山东路33弄（...,二居(1)，三居(2)，四居(1),2018.03.06,售价待定,总价待定
上海恒大御澜庭,在售,[青浦-朱家角]青浦朱家角镇淀山湖大道复...,一居(1)，二居(1)，三居(3),2018.02.27,"均价33,000元/m²",257-465万元
UNICITY万科天空之城,待售,[青浦-徐泾]青浦徐泾镇诸陆西路966号...,二居(1)，三居(2),2018.02.27,"最低57,500元/m²起",518-750万元
景瑞城中公园,在售,[青浦-青浦北部]青浦区城中北路588弄,三居(2),2017.08.23,"均价42,000元/m²",391-496万元
源昌幸福里,在售,[青浦-青浦新城]青浦赵巷镇华科东路与崧...,二居(1)，三居(3),2018.02.28,"均价42,000元/m²",378-491万元
金地佘山天境,在售,[青浦-佘山]嘉松中路6888弄1号（近业锦路）,三居(4)，四居(2)，五居及以上(1),2018.02.23,"1,500万元/套",
新华联奥莱悦府,待售,"[青浦-赵巷] 青浦嘉松中路沈泾塘支路
",二居(1)，三居(1),2018.01.28,售价待定,总价待定
中南君悦府,待售,[青浦-青浦新城]青浦新城淀山湖大道旁丁...,二居(3)，三居(2),2018.03.07,售价待定,总价待定
宝华帝华园,在售,[奉贤-南桥新城]奉贤区青村镇南奉公路3111弄,一居(1)，二居(3)，三居(1),2018.02.28,"最低25,000元/m²起",150-310万元
中粮南桥半岛,在售,[奉贤-南桥新城]解放东路北侧近S4跨线桥东侧 ,二居(2)，三居(2),2018.03.02,"均价37,000元/m²",282-426万元
天和前滩时代,待售,[奉贤-金汇]上海市奉贤区浦星公路大叶公...,二居(1)，三居(4),2018.02.28,售价待定,160-213万元
佳源梦想广场,待售,[奉贤-柘林]奉贤 金海公路99弄（近奉...,三居(4)，四居(2),2018.02.28,售价待定,总价待定
佳兆业8号,待售,[奉贤-南桥新城]钜庭路99弄1号 ,二居(3)，三居(2),2018.03.07,"均价30,000元/m²",267-357万元
瑞和上海印象,待售,[奉贤-奉城]海杰路港阳路交叉口,二居(2)，三居(2)，四居(1),2018.03.07,售价待定,总价待定
禹洲雍贤府,在售,[奉贤-金汇]浦星公路与大叶公路交汇处,三居(6),2018.02.28,"均价32,000元/m²",282-300万元
海湾名悦豪庭,待售,[奉贤-海湾]奉贤海湾镇瞭海路159弄,三居(4),2018.03.07,售价待定,总价待定
桐南美麓,在售,[奉贤-南桥新城]奉贤区南桥镇金海公路广...,二居(1)，三居(1),2018.02.28,"均价32,000元/m²",253-285万元
朗诗未来街区,待售,[奉贤-金汇]奉贤北行路555弄（浦星公...,一居(1)，二居(2)，三居(1),2018.02.28,"均价28,000元/m²",204-328万元
东方华璟园,在售,[奉贤-金汇]奉贤青村人民路255号,一居(2)，二居(4)，三居(2),2018.02.28,"均价24,000元/m²",314万元
阳光星期8名庭,待售,[奉贤-南桥新城]奉贤解放东路588号,二居(1)，三居(2)，四居(1),2018.02.28,"均价36,900元/m²",306-461万元
凤鸣美谷,待售,[奉贤-柘林]江海南路与新塘路交汇处,,2018.02.28,售价待定,总价待定
天和·尚上海,待售,[奉贤-金汇]奉贤大叶公路6288弄,二居(2)，三居(2),2018.02.28,售价待定,总价待定
保利象屿公园悦府,待售,[奉贤-南桥新城]奉贤区金齐路庆园路交汇处,,2018.02.28,售价待定,总价待定
华纺和成未来派,待售,[金山-亭林]金山 夏宁路与九工路交口,二居(1)，三居(2),2018.01.28,售价待定,总价待定
绿地东海岸财富广场,待售,[金山-金山新城]金山学府路1581号（...,一居(1)，三居(1),2017.08.25,"均价12,000元/m²",74-103万元
御龙锦园,待售,[金山-金山新城]金山海丰路128号（近...,二居(2),2017.04.14,"均价22,000元/m²",180-224万元
合生财富海景公馆,在售,[金山-金山新城]金山龙胜路69弄（近杭...,不限(1)，二居(1)，三居(1),2017.07.05,"均价28,000元/m²",232-266万元
海悦馨苑,未售,[金山-金山新城]金山东至海盛路，南至龙...,,2017.04.12,"均价22,000元/m²",总价待定
中冶枫郡别墅,未售,[金山-松江南部]上海市金山区泾波路318弄6号,,2017.04.01,总价待定,
澜庭,在售,[金山-亭林]夏宁路与博海路交叉口,,2017.07.05,"均价19,000元/m²",总价待定
中冶枫郡,待售,[金山-松江南部]金山枫泾镇泾波路318弄6号,三居(1)，四居(1),2017.03.02,"均价14,000元/m²",总价待定
正荣璟园,在售,[金山-亭林]金山 枫泾镇泾波路与枫湾路...,二居(2)，三居(1),2017.07.05,"均价21,500元/m²",172-280万元
华丰格兰郡,待售,[金山-枫泾]金山枫泾镇白牛路1068弄(近枫塘路),三居(1),2017.03.16,"均价14,000元/m²",172万元
上海新天鸿高尔夫社区,待售,[金山-朱泾]金山金石北路6666号（近...,三居(1)，四居(1),2017.04.07,"均价18,000元/m²",207-284万元
正荣御首府,在售,[金山-金山新城]金山龙轩路1998弄1...,不限(1)，二居(6)，三居(3),2017.07.05,"均价24,000元/m²",220-320万元
优山美地,在售,[金山-亭林]上海市金山区朱吕公路与红光...,二居(3)，四居(1),2017.04.17,"均价16,000元/m²",248万元
湖山香颂湾,在售,[金山-金山新城]金山蒙山北路500号（...,二居(1)，三居(2)，四居(1),2017.04.12,"均价30,000元/m²",261-381万元
毕加索花园小镇,在售,[金山-金山中部]张堰康德路358弄,三居(2),2017.07.05,"均价21,000元/m²",265-275万元
万业紫辰苑,在售,[宝山-杨行]宝山江杨北路1568弄(铁印路以北),二居(1)，三居(2)，四居(1),2018.02.28,"均价40,000元/m²",568万元
雍和府,待售,[宝山-罗泾]宝山区潘泾路5777弄（潘...,三居(2),2018.02.28,售价待定,"40,000元/m²"
大华·碧云天,待售,[宝山-大场]宝山华和路336号,二居(2)，三居(4),2018.03.14,售价待定,总价待定
保利熙悦,待售,[宝山-大场]上海市宝山区丰翔路 ,三居(3)，四居(2),2018.03.13,"均价51,000元/m²",479-627万元
中环国际公寓,在售,[宝山-张庙]上海市宝山区场北路559弄,一居(2)，二居(1)，三居(7),2018.02.28,"最低56,000元/m²起",812万元起
招商·中环华府（别墅）,在售,[宝山-大场]宝山环镇北路文海路路口,四居(1),2018.02.28,580-892万元/套,
滨江公园壹号,待售,[宝山-大场]上海市宝山区华秋路666号,三居(2)，四居(2),2018.02.28,售价待定,563万元
正荣国领,在售,[宝山-罗店]抚远路美兰湖大道路口 ,三居(3)，四居(2),2018.02.23,"580-2,500万元/套",
中铁北城时代,在售,[宝山-杨行]宝山区杨行镇友谊路2429号,三居(2)，四居(1),2018.02.28,"均价42,000元/m²",378-504万元
大华朗香花园,待售,[宝山-大场]祁真路160弄（近祁连山路）,二居(2)，三居(3)，四居(1),2018.02.28,"均价54,000元/m²",648-702万元
中国铁建青秀城,待售,[宝山-顾村] 宝山区宝安公路933号（...,二居(1)，三居(5)，四居(1),2018.03.07,售价待定,总价待定
滨江公园壹号别墅,未售,[宝山-大场]上海市宝山区华秋路666号,,2018.02.28,总价待定,
上海长滩,在售,[宝山-淞宝]上海市宝山区牡丹江路,二居(2)，三居(3)，四居(1),2018.02.28,"均价55,000元/m²",913万元
永泰亚洲宫园巧筑,待售,[宝山-罗店]宝山抚远路993号,四居(2)，五居及以上(1),2018.02.28,803-947万元/套,
经纬城市绿洲五期学士逸居家园,在售,[宝山-大场]上海市宝山区纬地路,二居(2)，三居(2)，四居(1),2018.02.28,"均价50,000元/m²",665万元
同济融创玫瑰公馆,在售,[闵行-古美罗阳]上海市闵行区莲花路1330号,三居(4)，四居(1),2018.03.13,"均价69,000元/m²",662-994万元
浦江坤庭,在售,[闵行-浦江]闵行区浦江镇浦雪路1180弄1号-24号,二居(1)，三居(5),2018.03.15,"均价60,000元/m²",666-936万元
紫竹半岛,待售,[闵行-吴泾]闵行东川路333弄（近虹梅南路）,一居(1)，二居(1),2018.03.13,售价待定,总价待定
禹洲府,在售,[闵行-马桥]闵行马桥富国路199弄（富...,二居(1)，三居(1),2018.02.28,"均价45,000元/m²",340万元起
万科公园大道,在售,[闵行-马桥]闵行区华宁路银春路交汇处,一居(1)，二居(2)，三居(1)，四居(1),2018.03.15,"均价48,000元/m²",456-630万元
宝华源墅,待售,[闵行-浦江]浦江镇三鲁路5588号（近林恒路）,三居(3)，四居(1),2018.02.28,"1,157-1,287万元/套",
华府天地愉园,待售,[闵行-马桥]闵行马桥昆阳北路3688弄 ,四居(2),2018.02.28,总价待定,
凤凰城,在售,[闵行-江川路]闵行景谷中路58弄（近石屏路）,二居(1)，三居(1),2018.02.28,"均价50,000元/m²",525-650万元
金辉海上铭著,待售,[闵行-莘庄]莘朱路以北，沪金高速以东，...,三居(1),2018.02.28,售价待定,总价待定
春申景城MID-TOWN,待售,[闵行-梅陇春申]莲花南路999号,四居(2),2018.02.28,售价待定,总价待定
上海桃花源,待售,[闵行-浦江]浦锦街道江桃路浦申路,,2018.02.28,总价待定,
卓越维港,待售,[闵行-马桥]闵行区银春路富岩路路口,三居(1),2018.02.28,售价待定,总价待定
TODTOWN天荟悦麓,待售,[闵行-莘庄]莘建东路188号（水清南路...,二居(1),2018.02.28,售价待定,总价待定
荣信·虹桥世嘉,在售,[闵行-金虹桥] 虹梅路2159弄1-34号,三居(1)，四居(1)，五居及以上(1),2017.11.03,"均价75,000元/m²","2,625万元"
万源城御璄,在售,[闵行-古美罗阳]闵行区古龙路588号,四居(5),2018.03.07,"均价90,000元/m²","3,672万元"
盛世御珑湾,在售,[杨浦-新江湾城]闸殷路889弄（近殷高东路）,二居(3)，三居(1),2018.01.19,"均价80,000元/m²","1,064万元"
133世界广场,在售,[杨浦-五角场]杨浦世界路133号,,2017.08.25,"均价35,000元/m²",总价待定
东外滩1号,待售,[杨浦-东外滩]内江路16弄（近波阳路）,二居(5),2017.07.01,售价待定,总价待定
阳光城滨江悦,待售,[杨浦-东外滩]齐齐哈尔路龙江路,三居(2)，四居(1),2018.02.25,售价待定,总价待定
嘉誉天荟,未售,[杨浦-新江湾城]杨浦上海市杨浦区殷行路...,,2017.03.14,售价待定,总价待定
华发公馆,未售,"[杨浦-东外滩]杨浦隆昌路与长阳路交汇处
",三居(1),2017.04.13,售价待定,总价待定
国正中心,未售,"[杨浦-五角场]杨浦区政立路499号 
",开间(1),2017.08.25,"均价35,000元/m²",455万元
东外滩17公馆,在售,[杨浦-东外滩]杨浦杨树浦路2893号（...,三居(1)，四居(2),2017.08.25,"均价65,000元/m²","1,118-1,723万元"
泰宝公爵府,在售,[杨浦-新江湾城]杨浦新江湾城淞沪路789号,四居(1)，五居及以上(1),2017.02.06,"均价50,000元/m²","1,275-1,375万元"
翡丽甲第,待售,[杨浦-东外滩]上海市杨浦区长阳路609号,三居(4)，四居(2),2017.03.06,"均价95,000元/m²","1,387-2,280万元"
八埭头滨江园,未售,[杨浦-东外滩]杨树浦路633号,二居(1)，三居(1),2016.12.06,售价待定,"2,025-3,600万元"
祥生御江湾别墅,在售,[杨浦-新江湾城]国权北路1188弄,五居及以上(1),2017.04.01,"2,400万元/套",
嘉誉湾,在售,[杨浦]杨浦区淞沪路1888号,五居及以上(2),2017.03.14,"均价80,000元/m²","2,500-2,800万元"
新江湾城首府别墅,在售,[杨浦-新江湾城]国秀路88弄,四居(1)，五居及以上(1),2017.02.06,"3,800-3,950万元/套",
中建大公馆,在售,[杨浦]杨浦区江湾城路899号（近国秀路）,五居及以上(1),2017.03.20,"6,000万元/套",
建邦16区二期,待售,[虹口-四川北路]虹口天宝路488号（近天镇路）,二居(2)，三居(2)，四居(1),2017.12.31,售价待定,总价待定
瑞虹新城·悦庭,待售,[虹口-四川北路]虹口临平路225号（近瑞虹路）,一居(1)，三居(2)，四居(2),2018.02.24,售价待定,总价待定
外滩188,在售,[虹口-四川北路]虹口东余杭路333号,三居(2),2017.04.10,"均价80,000元/m²","1,376-1,464万元"
宏惠花苑二期,售罄,[虹口-北外滩]惠民路297号附近,三居(1),2016.06.24,"均价64,000元/m²",总价待定
融创香溢花城,在售,[普陀-光新]石泉东路239号近光新路口,二居(1)，四居(2),2018.01.19,"均价98,000元/m²","1,656万元"
中骏天悦,在售,[普陀-真如]上海市普陀区兰溪路900弄,三居(1)，四居(1),2018.01.26,"均价105,000元/m²","1,239-1,355万元"
一品国际,待售,[普陀-光新]普陀中山北路浦发广场1737号A10,开间(10),2017.07.01,"均价75,000元/m²",总价待定
中鹰黑森林,待售,[普陀-万里]普陀真华路399号,三居(4)，五居及以上(2),2017.04.07,"均价110,000元/m²",总价待定
玉晖8号,未售,"[普陀-武宁]白玉路678弄（近光复西路）
",,2017.02.08,售价待定,总价待定
绿地海珀玉晖,待售,[普陀-武宁]白玉路678弄(近光复西路）,三居(2)，四居(1),2018.02.25,售价待定,总价待定
沁和园,在售,[普陀-长风]上海市普陀区丹巴路382号...,三居(2)，四居(1),2018.03.02,售价待定,总价待定
智富中环尚城（商办）,待售,[普陀-桃浦]上海市普陀区古浪路188号 ,二居(3)，四居(1),2017.04.07,"均价55,000元/m²",303-825万元
高尚领域行政公馆二期,待售,[普陀-真如]普陀礼泉路700弄,三居(3)，四居(1),2017.09.15,"均价90,000元/m²","936-1,485万元"
融创香溢天地,在售,[普陀-光新]普陀石泉东路168弄（近交通路）,三居(1),2017.04.05,"均价63,000元/m²",977万元
宝华城市之星,在售,[普陀-光新]石泉路18弄,二居(2)，三居(2),2018.02.24,"均价98,000元/m²","980-1,049万元"
金沙御墅,在售,[普陀-长征]上海市普陀区金沙江路2009号,五居及以上(1),2018.03.02,"1,440万元/套",
品尊国际,在售,[普陀-光新]铜川路52号（近岚皋路口）,三居(1)，四居(2),2017.02.06,"均价100,000元/m²","1,560-2,600万元"
西康路989,待售,[普陀-长寿]普陀西康路989弄,四居(2)，五居及以上(1),2017.03.13,"均价90,000元/m²","1,593-2,277万元"
大华清水湾花园三期华府樟园,在售,[普陀-武宁]普陀凯旋北路1555弄36号,四居(1)，五居及以上(1),2017.04.17,"均价95,000元/m²","3,420-4,085万元"
大宁金茂府,待售,[静安-大宁]闸北彭江路399弄(近平型关路),二居(1)，三居(2)，四居(1),2018.01.19,售价待定,总价待定
静安慕舍,在售,[静安-华漕] 广延路1199弄,三居(1)，四居(2),2018.01.19,"均价76,000元/m²","684-1,239万元"
静安府,在售,[静安-彭浦]汶水路平陆路路口,三居(3)，四居(1),2018.01.19,"均价90,000元/m²","808-1,215万元"
圣和静安公馆,在售,[静安-不夜城]山西北路399弄（海宁路口）,二居(1)，三居(2),2018.02.25,"均价110,000元/m²","968-1,551万元"
华侨城苏河湾塔尖,在售,[静安-不夜城]北苏州路912号（近山西北路）,三居(1),2018.02.24,"均价190,000元/m²","5,320万元"
中冶梦想荟,待售,[静安-大宁]灵石路1109号,一居(1)，二居(1)，三居(1),2017.03.13,"均价50,000元/m²",总价待定
和源大楼写字楼,在售,[静安-大宁]上海市静安区平型关路18号 ,,2017.01.22,"均价40,000元/m²",总价待定
静安康鑫家园,待售,[静安],,,售价待定,总价待定
苏河融景,待售,[静安-不夜城]闸北恒丰路318弄,四居(1),2017.04.11,"均价74,000元/m²",总价待定
万科翡翠雅宾利,待售,[静安-不夜城]中华新路199弄（近宝昌路）,三居(1)，四居(1)，五居及以上(1),2018.01.27,售价待定,总价待定
九龙仓静安壹号,未售,[静安-南京西路]上海市静安区万航渡路398号,,2017.04.06,"均价120,000元/m²",总价待定
和一大厦,在售,"[静安-江宁路]江宁路420号
",开间(1),2017.04.05,"均价33,000元/m²",934万元
企业公馆,待售,[静安-不夜城]上海市共和路219号,三居(3),2017.04.11,"均价50,000元/m²","1,015-1,300万元"
新湖青蓝国际,在售,[静安-不夜城]青云路350弄,三居(3),2017.04.11,"均价80,000元/m²","1,182-1,199万元"
静安府(别墅),在售,[静安-彭浦]汶水路平陆路路口,三居(1),2018.02.25,"1,700-2,000万元/套",
高和海德公馆,待售,[长宁-中山公园]上海市长宁区长宁路833号,一居(1)，二居(1)，三居(1),2017.11.16,售价待定,总价待定
申亚时代广场,未售,[长宁-西郊]长宁天山西路18号（天山西...,,2017.04.07,"均价40,000元/m²",总价待定
绿城静安公馆,待售,[长宁-新华路]长宁江苏路736号 ,三居(2)，开间(1),2017.04.07,"均价96,000元/m²","1,526-2,410万元"
朗诗新西郊,在售,"[长宁-西郊]长宁区青溪路770弄25号
",三居(3)，四居(2),2017.04.10,"均价120,000元/m²","2,160-2,784万元"
淮海名邸,在售,[长宁-新华路]长宁区安顺路58弄,三居(7)，四居(1),2017.04.07,"均价130,000元/m²","2,197-3,731万元"
复地御西郊,在售,[长宁-西郊]上海市长宁区金浜路188弄...,四居(1)，五居及以上(2),2017.02.04,"均价90,000元/m²","2,790-4,320万元"
华山夏都苑,在售,[长宁-新华路]幸福路211弄（近平武路）,四居(1),2017.02.10,"均价130,000元/m²","4,524万元"
尚泰里,售罄,[长宁-中山公园] 东诸安浜路103号,一居(1)，二居(1),2018.03.02,售价待定,总价待定
西郊299,售罄,[长宁-西郊]上海市长宁区青溪路299弄 ,,2016.11.21,总价待定,
趣园,售罄,[长宁-西郊]虹桥路2222弄55号,三居(2),2017.02.13,"均价70,000元/m²",总价待定
竞衡古北88大厦,售罄,[长宁-古北]上海市长宁区荣华东道88号409室 ,二居(1)，三居(1),2017.03.13,"均价80,000元/m²",总价待定
中星美华村,售罄,[长宁-古北]上海市长宁区中山西路1350号 ,三居(1),2015.12.23,"均价65,000元/m²",总价待定
朗诗虹桥绿郡,售罄,[长宁-中山公园]中山西路699号（近武夷路）,二居(1)，开间(1),2016.07.06,"均价65,000元/m²",总价待定
长宁88金廷,售罄,[长宁-中山公园]长宁长宁支路125弄（...,四居(1),2016.11.23,"均价83,000元/m²",总价待定
宝华紫薇花园,售罄,[长宁-虹桥]上海市长宁区威宁路123号 ,二居(1)，三居(1),2016.05.27,"均价85,000元/m²",总价待定
嘉御庭,待售,[徐汇-衡山路]建国西路288,二居(1)，三居(2),2018.01.19,售价待定,总价待定
尚汇豪庭,待售,[徐汇-田林]徐汇区华石路88弄,二居(1)，三居(2)，四居(3),2018.01.26,售价待定,总价待定
金巢铂瑞阁,待售,[徐汇-枫林]徐汇合宝路30号,开间(3),2017.11.16,售价待定,504万元
中信君廷,在售,[徐汇-龙华]徐汇区宛平南路1188号,三居(2)，四居(1),2017.04.11,"均价120,000元/m²","2,736万元"
云锦东方,在售,[徐汇-龙华]龙兰路399弄,四居(2)，五居及以上(1),2017.03.20,"均价110,000元/m²","4,060-4,740万元"
尚海湾豪庭二期,在售,[徐汇-龙华]凯滨路18，19弄（近龙腾大道）,二居(2)，三居(5)，四居(1)，五居及以上(1),2018.01.27,"最低155,000元/m²起","4,371万元起"
宛平88,在售,[徐汇-徐家汇]徐汇宛平南路88号,四居(3),2017.03.21,"均价150,000元/m²","5,220-5,745万元"
徐汇公园道壹号,售罄,[徐汇-南站]徐汇区宾阳路18弄,二居(1)，三居(2)，四居(1),2018.01.26,售价待定,总价待定
百汇园,售罄,[徐汇-龙华]徐汇区宛平南路1518弄,二居(2)，三居(2),2017.11.16,"均价90,000元/m²",总价待定
保利西岸,售罄,[徐汇-龙华]徐汇宛平南路1415号（近...,,2016.02.28,"均价95,000元/m²",总价待定
印象欧洲,售罄,[徐汇-华泾]徐汇望月路909弄,四居(2),2017.03.01,"均价85,000元/m²",总价待定
尚海湾豪庭,售罄,[徐汇-龙华]凯滨路18，19弄（近龙腾大道）,四居(4),2017.02.09,"均价110,000元/m²",总价待定
印象欧洲别墅,售罄,[徐汇-华泾]望月路909弄1～42号,三居(1),2018.03.02,总价待定,
徐汇中凯城市之光,售罄,[徐汇-徐家汇] 徐汇南丹路377弄（近...,四居(1),2015.12.22,"均价90,000元/m²",总价待定
中福浦江汇,待售,[黄浦-陆家嘴滨江] 黄浦海潮路133弄...,一居(1)，二居(2),2018.01.28,售价待定,总价待定
露香园,待售,[黄浦-老西门]黄浦区露香园路1号（近淮...,四居(2)，五居及以上(1),2018.02.25,售价待定,总价待定
凯迪迪美逊,未售,[黄浦-打浦桥]上海市黄浦区卢湾龙华东路...,,2018.02.25,"均价80,000元/m²",总价待定
城市一品苑,待售,"[黄浦-淮海中路] 黄浦陕西南路3号
",开间(2),2017.04.11,"均价100,000元/m²",总价待定
卢湾68,未售,[黄浦-打浦桥]鲁班路68号,开间(4),2017.03.20,"均价90,000元/m²",总价待定
翠湖天地隽荟,待售,[黄浦-淮海中路]卢湾济南路260弄,,2018.02.25,售价待定,总价待定
泛海国际住区,待售,[黄浦-黄浦滨江]上海黄浦区中华路518号,三居(1),2017.04.06,"均价160,000元/m²",总价待定
日月光中心伯爵居,待售,[黄浦-打浦桥]上海市黄浦区徐家汇路61...,一居(1)，二居(1),2017.03.08,"均价95,000元/m²",589-675万元
复兴珑御,在售,[黄浦-老西门]黄浦区西藏南路699弄 ,三居(2)，四居(1),2017.04.10,"均价130,000元/m²","2,080-3,744万元"
融创滨江壹號院,待售,[黄浦-打浦桥]黄浦区中山南一路500弄...,不限(1)，三居(1)，四居(3),2017.04.10,"均价130,000元/m²","2,184-3,809万元"
绿地黄浦滨江,在售,[黄浦-老西门]蒙自路778号（近龙华东路）,一居(1)，二居(1)，三居(1),2017.04.11,"均价135,000元/m²","2,390万元"
淡水湾花园二期,在售,[黄浦-打浦桥]卢湾马当路572号,四居(1)，五居及以上(1),2017.02.05,"均价118,000元/m²","2,926-3,953万元"
绿城黄浦湾,在售,[黄浦-黄浦滨江]中山南路566弄（近老码头）,四居(1)，五居及以上(5),2017.02.08,"均价150,000元/m²","3,525-6,600万元"
华润外滩九里国际公寓,在售,[黄浦-黄浦滨江]上海市黄浦区中山南路460号,四居(2)，五居及以上(2),2017.03.13,"均价130,000元/m²","3,840-5,382万元"
凯德茂名公馆,售罄,[黄浦-淮海中路]上海市黄浦区茂名南路9弄 ,二居(1)，四居(3),2018.02.25,售价待定,总价待定
万科海上传奇,待售,[浦东-北蔡]浦东御桥路1751号（华夏...,三居(4),2018.03.13,售价待定,总价待定
远洋万和四季,待售,[浦东-惠南]浦东惠南镇观海路1588弄...,二居(1)，三居(6),2018.03.14,售价待定,总价待定
晶耀名邸,待售,[浦东-三林]浦东海阳西路与耀龙路叉口,三居(1)，四居(1),2018.02.28,售价待定,总价待定
万科翡翠公园,待售,[浦东-张江]浦东中科路百业路路口,二居(1)，三居(1)，四居(1),2018.02.28,售价待定,"64,000元/m²"
世茂云图,待售,[浦东-周康]浦东康涵路58弄,三居(4)，四居(1),2018.02.27,售价待定,总价待定
万科金域澜湾,待售,[浦东-临港新城]浦东雪绒花路301弄,二居(1)，三居(3),2018.03.14,售价待定,总价待定
东方颐城,待售,[浦东-临港新城]浦东区书院镇丽正路99弄,二居(1)，三居(1),2018.02.28,"均价23,000元/m²",191-205万元
盛世荟庭,待售,[浦东-惠南]浦东新区惠南镇拱北路278弄,二居(1)，三居(3),2018.02.28,售价待定,"31,000元/m²"
绿洲康城亲水湾雅颂,待售,[浦东-周康]浦东区康桥路1388弄,一居(2)，二居(5),2018.03.07,售价待定,总价待定
天健萃园,在售,[浦东-临港新城]详凯路2013弄（近严木桥路）,二居(1)，三居(4)，四居(2),2018.02.24,"均价25,000元/m²",255-300万元
张江三湘海尚,待售,[浦东-张江]浦东绿晓路58弄,二居(3)，三居(5),2018.02.28,售价待定,总价待定
浦发罗兰翡丽,在售,[浦东-唐镇]浦东唐龙路华东路路口,二居(2)，三居(1),2018.02.28,"均价65,000元/m²",436-865万元
金融家,待售,[浦东-唐镇]浦东上丰路1501号（华东路口）,二居(3)，三居(4)，四居(1),2018.02.28,售价待定,总价待定
中金海棠湾,在售,[浦东-航头]浦东周东南路599弄（近周祝公路）,二居(1)，三居(1)，四居(1),2018.02.28,"均价46,000元/m²",560万元起
颐景御府,在售,[浦东-周康]繁荣路161号（繁荣路周星...,三居(2),2018.02.25,"最低53,000元/m²起",684-812万元
金隅大成郡,在售,[嘉定-嘉定新城]嘉定区胜竹路永新路路口,二居(2)，三居(4)，四居(2),2018.02.28,"最低29,000元/m²起",247-443万元
龙湖天璞,待售,[嘉定-江桥]嘉定江桥镇海波路、嘉涛路路口,二居(1)，三居(2),2018.03.13,售价待定,总价待定
嘉宝梦之缘景庭,在售,[嘉定-嘉定新城]嘉定云屏路1051号（...,二居(2)，三居(6),2018.03.06,"均价46,000元/m²",354-639万元
盘古园府,在售,[嘉定-嘉定新城]崇信路77弄,三居(2),2018.03.14,"均价39,000元/m²",351-410万元
安亭新镇,待售,[嘉定-安亭汽车城]嘉定安亭镇塔山路455弄,二居(1)，三居(3),2018.03.15,售价待定,"30,200元/m²"
西郊金茂府,待售,[嘉定-嘉定新城]永盛路封周路交汇处,三居(1)，四居(1),2018.02.28,售价待定,总价待定
首创旭辉城,在售,[嘉定-嘉定北部]上海市嘉定区汇源路518弄,二居(2)，三居(6)，四居(1),2018.02.28,"最低28,000元/m²起",313万元
路劲上海院子,待售,[嘉定-安亭汽车城]嘉定区百安公路2699弄,二居(1)，三居(6)，四居(4),2018.02.28,340万元/套起,
华谊逸品澜湾,在售,[嘉定-南翔]嘉程东路69弄／陈翔路2400弄,二居(1)，三居(2),2018.03.14,"均价46,000元/m²",358-506万元
绿地天呈（别墅）,待售,[嘉定-嘉定新城]嘉定胜竹路2600号,三居(1)，四居(5),2018.02.28,599万元/套起,
禹洲丁香里,在售,[嘉定-嘉定新城]嘉定澄浏公路唐家浜路,二居(1)，三居(1)，四居(1),2018.02.24,"最低29,200元/m²起",360万元起
华润中央公园,在售,[嘉定-南翔]嘉定芳礼路99弄（近宝翔路）,二居(1)，三居(2)，四居(1),2018.02.28,"均价50,000元/m²",487-676万元
大学里,在售,[嘉定-安亭汽车城]嘉定杭桂路1119弄...,二居(1)，三居(3),2018.03.07,"均价30,000元/m²",348万元
好世凤翔苑,在售,[嘉定-南翔]嘉定南翔金通路1737弄,二居(2)，三居(2)，四居(1),2018.02.28,"均价50,000元/m²",590万元
上海西环中心星信名邸,在售,[嘉定-南翔]上海德园路陈翔路路口 ,三居(4),2018.02.28,"均价49,000元/m²",563万元
路劲佘山院子,在售,[松江-松江新城]松江小昆山崇南公路鹤西...,二居(1)，三居(1),2018.03.13,"最低34,800元/m²起",270-360万元
象屿上海年华,在售,[松江-新桥]松江明华路1077弄（陈春...,二居(2)，三居(3),2018.03.13,"最低43,900元/m²起",360-477万元
信达蓝尊,在售,[松江-松江新城]松江长水街茸凯路交叉口,二居(1)，三居(5),2018.03.14,"均价44,000元/m²",308-513万元
象屿虹桥悦府,待售,[松江-九亭]松江区九新公路与伴亭路交叉口,三居(1)，四居(1),2018.03.14,售价待定,总价待定
国贸天悦,在售,[松江-佘山]松江勋业东路188弄,一居(1)，二居(1)，三居(11)，四居(2),2018.03.14,"均价42,000元/m²",367-529万元
绿波景园,在售,"[松江-泗泾]沪松公路2972弄12号
",二居(4)，四居(1),2018.03.14,"均价36,000元/m²",331-490万元
华亭首府,待售,[松江-松江新城]松江文涵路218号（近辰塔路）,三居(1),2018.03.14,售价待定,总价待定
金地都会艺境,在售,[松江-新桥] 松江陈春路与明兴路交汇处,二居(1)，三居(4),2018.03.14,"均价42,000元/m²",462万元
路劲佘山院子(别墅),在售,[松江-松江新城]松江小昆山崇南公路鹤西...,三居(2),2018.03.14,666-802万元/套,
新城上坤樾山明月,在售,[松江-佘山]松江嘉松南路塘砖路交口,一居(1)，二居(3)，三居(3)，四居(2),2018.03.14,"812-1,197万元/套",
金地玺华邨（别墅）,待售,[松江-泗泾]松江泗泾镇泗通路与泗宝路交叉口,二居(1)，三居(3)，四居(2),2018.03.14,总价待定,
新虹桥首府,待售,[松江-九亭]上海市松江区九杜路939号...,三居(1),2018.03.14,售价待定,总价待定
世茂佘山里,在售,[松江-佘山]松江佘山镇千新公路718弄,四居(1)，五居及以上(3),2018.03.14,"1,351万元/套",
新城尚品,在售,"[松江-新桥]新桥镇新中街188弄
",二居(2)，三居(2)，四居(2),2018.03.14,"均价33,000元/m²",370-429万元
新虹桥首府（别墅）,待售,[松江-九亭]上海市松江区九杜路939号...,三居(1)，五居及以上(1),2018.03.14,总价待定,
崇明三湘森林海尚,在售,[崇明-陈家镇]崇明上海崇明揽海路2500弄,三居(1)，四居(1),2017.03.17,842-934万元/套,
保亿风景水岸,在售,[崇明-陈家镇]上海市崇明县揽海路169号 ,四居(2),2017.04.06,"1,200-1,320万元/套",
金茂逸墅（别墅）,在售,[崇明-陈家镇]上海崇明揽海路599弄,四居(3)，五居及以上(1),2018.01.25,"1,584-2,464万元/套",
览海国际高尔夫社区,在售,[崇明-陈家镇] 崇明陈家镇揽海路55弄,四居(2),2017.04.06,"1,770-1,845万元/套",
绿舟星城,售罄,[崇明-崇明其他]崇明新开河路760号,三居(1),2016.06.06,"均价5,900元/m²",总价待定
瀛通金鳌山公寓,售罄,[崇明-崇明新城] 崇明翠竹路1388弄,二居(1)，四居(1),2016.09.26,"均价14,000元/m²",总价待定
瀛通金鳌山公寓别墅,售罄,[崇明-崇明新城]翠竹路1388弄 ,四居(1),2016.09.26,总价待定,
金茂逸墅（商办）,售罄,[崇明-陈家镇]上海崇明揽海路599弄,,2016.11.10,"均价16,000元/m²",总价待定
玉麟名邸,售罄,[崇明-崇明新城] 崇明中津桥路9弄,三居(1),2016.11.24,"均价17,500元/m²",236万元
佳兆业君汇上品,在售,"[青浦-青浦北部] 青浦重固镇崧建路339弄
",二居(1)，三居(4),2018.02.28,"均价33,000元/m²",263-393万元
东原公馆,在售,"[青浦-青浦新城]上海市青浦区公园路629号
",开间(2),2017.08.15,"均价29,000元/m²",360万元
中南君悦府（别墅）,在售,[青浦-青浦新城]青浦新城淀山湖大道旁丁...,三居(2)，四居(2),2018.01.25,542万元/套,
富绅时代公馆,待售,[青浦-青浦新城]青浦区俞家埭路159弄...,三居(2),2017.07.04,"均价43,500元/m²",444-479万元
帕缇欧香苑,在售,[青浦-青浦新城]青浦 外青松公路6666号 ,三居(2)，四居(1),2018.01.27,"最低36,000元/m²起",414万元起
中建锦绣天地,在售,[青浦-徐泾]上海市青浦区徐泾镇蟠中东路...,二居(1)，三居(2),2017.09.15,"均价52,000元/m²",416-546万元
大发融悦,在售,[青浦-青浦新城]青浦淀山湖大道双桥西100米,三居(3)，四居(1),2018.02.24,"均价40,000元/m²",508万元
水都南岸（别墅）,待售,[青浦-朱家角]青浦朱家角镇康园路399弄,四居(1),2017.10.21,售价待定,347万元
泷湾,待售,[青浦-赵巷]上海市青浦区业前路1688弄,四居(1)，五居及以上(2),2018.01.26,总价待定,
青浦绿地中心（商办）,待售,[青浦-青浦新城]青浦外青松公路盈港路,,2017.11.16,"均价26,000元/m²",总价待定
葛洲坝虹桥紫郡公馆,待售,[青浦-徐泾]青浦诸光路徐南路口 （沪渝...,三居(5)，四居(1),2018.02.23,售价待定,总价待定
臻水岸苑,在售,[青浦-赵巷]青浦 业辉路199弄,五居及以上(8),2018.02.27,"1,292-1,296万元/套",
青浦万达茂,待售,[青浦-青浦新城]青浦区淀山湖大道851号 ,二居(2),2017.11.15,售价待定,总价待定
青浦宝龙城市广场 ,待售,[青浦-青浦新城]青浦区汇金路与秀源路交...,,2017.07.01,"均价30,000元/m²",总价待定
东渡悦来城,在售,[青浦-青浦新城]青浦区淀山湖大道866号,二居(2)，三居(3),2018.02.25,"均价41,000元/m²",361-513万元
合景万景峰,待售,[奉贤-南桥新城]奉贤 金海公路4808弄3号 ,开间(2),2017.11.24,售价待定,总价待定
水榭兰亭,待售,[奉贤-奉城]奉贤奉城镇浦兰路91弄19号,二居(1)，三居(1),2018.02.28,售价待定,总价待定
正阳世纪星城别墅,在售,[奉贤-南桥新城]正环路666弄,三居(1)，四居(1),2017.10.25,总价待定,
半岛君望,待售,[奉贤-南桥新城]八字桥路99弄（近环城东路）,四居(2),2018.02.03,总价待定,
连城1号,待售,[奉贤-南桥新城]奉贤沪杭公路228弄,一居(3)，开间(1),2017.08.25,"均价30,000元/m²",177-234万元
佳源上海小城,待售,[奉贤-奉城]四团镇港佳路299号,三居(1)，四居(1),2018.02.28,售价待定,总价待定
绿地悠唐城UTOWN,未售,[奉贤-南桥新城]奉贤南桥新城年丰路望园...,,2017.02.09,售价待定,总价待定
南郊一品,待售,[奉贤-南桥新城]奉贤德丰路69弄25号,一居(1)，二居(1)，三居(1),2017.08.25,"均价34,800元/m²",总价待定
保利象屿公园悦府（别墅）,待售,[奉贤-南桥新城]奉贤金齐路618弄,,2017.12.25,售价待定,总价待定
川建爱琴海湾广场,未售,[奉贤-海湾]奉炮公路与海泉路交叉口,,2017.01.10,售价待定,总价待定
申亚花涧墅,在售,[奉贤-金汇]航南公路1981弄 ,二居(2),2017.08.15,总价待定,
奉贤宝龙城市广场,在售,[奉贤-南桥新城]上海市奉贤区南桥镇航南...,,2017.01.19,"均价23,000元/m²",总价待定
棕榈滩高尔夫别墅,待售,[奉贤-海湾]奉贤海湾旅游区金汇塘路88...,三居(1),2017.08.16,总价待定,
泰和名都,待售,[奉贤-南桥新城]奉贤区展园路303弄,,2017.04.07,"均价40,000元/m²",总价待定
中国铁建香榭国际,在售,[奉贤-南桥新城]奉贤区西闸公路与扶兰路...,三居(1)，四居(1),2018.02.28,"均价37,800元/m²",336-454万元
上海新天鸿高尔夫社区（别墅）,在售,[金山-朱泾]金山金石北路6666号（近...,四居(1),2017.08.25,481万元/套,
园与墅,在售,[金山-亭林]朱吕公路3658号,三居(1)，四居(1),2017.04.10,580万元/套,
金山名都别墅,售罄,[金山-朱泾]上海朱泾镇沈浦泾路668弄26号 ,三居(1),2015.09.27,总价待定,
御景龙庭别墅,售罄,[金山-金山新城]学府路818弄,四居(1),2016.10.26,总价待定,
万安世家华园,售罄,[金山-朱泾]金山朱泾镇健康路415弄近万安街,二居(2),2018.02.25,售价待定,总价待定
轩和苑,售罄,[金山-亭林]金山兴工路255弄,三居(1),2015.10.26,"均价9,800元/m²",总价待定
新城明珠园,售罄,[金山-朱泾]上海市金山区东风南路,二居(1),2016.03.21,"均价14,000元/m²",总价待定
金瀚园,售罄,[金山-金山新城]金山区卫清西路18号,四居(1),2016.09.21,"均价11,000元/m²",总价待定
上海金山万达华府,售罄,[金山-金山新城]龙皓路962、968号...,,2017.02.03,"均价15,000元/m²",总价待定
华山幸福汇,售罄,[金山-亭林]金山枫泾镇建贡路,一居(4),2016.10.31,售价待定,总价待定
海滨新城,售罄,[金山-金山新城]金山石化龙胜东路550弄 ,二居(1),2016.10.18,"均价12,000元/m²",总价待定
金昌苑四期,售罄,[金山-朱泾]金山临源街1079号近沈浦泾路,三居(1),2013.07.30,"均价11,500元/m²",总价待定
龙泽园六期领翔,售罄,[金山-金山新城]金山龙山路518弄,三居(1),2016.09.21,"均价9,500元/m²",总价待定
清风别墅二期,售罄,[金山-金山新城]卫零北路333弄,五居及以上(2),2016.09.21,总价待定,
城建爱上海,售罄,[金山-金山新城] 金山区金一东路石化一村,一居(2)，三居(1),2017.04.13,"均价9,500元/m²",总价待定
招商海德名门别墅,待售,[宝山-杨行]宝山海笛路333弄,三居(1)，四居(1)，五居及以上(2),2018.02.28,总价待定,
盘古悦天地,未售,[宝山-杨行] 宝山盘古路732号,,2017.08.04,售价待定,总价待定
璟储新和湾（商办）,在售,[宝山-罗泾]宝山沪太路8399弄（近徐潘路）,开间(3),2017.09.15,"均价17,000元/m²",204万元
金地天地云墅,待售,[宝山-顾村]宝山苏家浜路388弄、42...,四居(5),2018.03.07,售价待定,总价待定
远洋鸿郡,在售,[宝山-罗店]宝山抚远路699弄（近罗迎路）,四居(1),2017.06.03,总价待定,
星月浦江国际,待售,[宝山-淞宝]宝山东城区淞宝路155弄,,2017.08.25,"均价30,000元/m²",总价待定
中铁北城时代（商办）,在售,[宝山-杨行]宝山区杨行镇友谊路2429号,二居(1)，三居(1),2017.08.23,"均价40,000元/m²",368-508万元
上置名人天地,在售,[宝山-罗店]宝山区美兰湖路8弄,五居及以上(2),2017.12.26,"1,521-2,340万元/套",
远洋LAVIE,在售,[宝山-罗店]宝山区抚远路885弄,五居及以上(4),2017.04.07,"3,677-7,186万元/套",
信达蓝庭,售罄,[宝山-罗泾]位于宝山美兰湖北罗泾板块潘...,二居(1)，三居(1),2017.02.13,"均价27,000元/m²",194-240万元
远东君悦庭,售罄,[宝山-大场]宝山锦秋路655弄,二居(1),,"均价40,000元/m²",总价待定
招商·中环华府,售罄,[宝山-大场]宝山环镇北路文海路路口,三居(3),2018.01.30,"均价56,500元/m²",总价待定
美兰金色宝邸,售罄,[宝山-罗泾]宝山潘沪路188弄(近潘泾路),二居(2),2016.11.15,总价待定,
信达郡庭别墅,售罄,[宝山-罗店]宝山美丹路188弄,,,总价待定,
招商花园城,售罄,[宝山-杨行]上海市宝山区水产路2199弄,二居(1)，三居(2),2017.12.29,"均价40,000元/m²",356-523万元
西郊庄园,待售,[闵行-华漕]闵行金丰路777号（近蟠龙港）,三居(1),2018.02.28,"均价70,000元/m²","1,474万元"
一品漫城,在售,[闵行-浦江]闵行芦恒路306弄（近8号...,三居(3),2018.02.28,"均价66,000元/m²",647-759万元
中骏广场,待售,[闵行-华漕]上海市闵行区申贵路与申长路...,开间(1),2017.12.14,"均价60,000元/m²",总价待定
湖山在望花园,在售,[闵行-颛桥]上海市闵行区都市路2566...,五居及以上(1),2018.01.23,总价待定,
圣得庄园,待售,[闵行-颛桥]都市路2099弄31号,五居及以上(1),2017.11.29,总价待定,
祥云新城,待售,[闵行-江川路]闵行祥云路18号,二居(2),2017.09.01,售价待定,总价待定
新华红星国际广场,在售,[闵行-金虹桥]闵行虹井路188号（近吴中路）,四居(2),2017.09.01,"均价55,000元/m²",总价待定
恒基旭辉中心,在售,[闵行-华漕]闵行申虹路（近迁虹路）,,2017.08.24,"均价48,000元/m²",总价待定
鹏欣一品漫城三期浅山别墅,在售,[闵行-浦江]浦星公路568弄（浦星公路...,四居(1)，五居及以上(1),2018.01.30,"1,200万元/套",
金球怡云花园玫瑰里,在售,[闵行-华漕]上海市闵行区闵行华漕镇运乐...,五居及以上(1),2018.01.03,"1,210万元/套",
上海星河湾,在售,[闵行-颛桥]闵行金都路2888路 ,四居(3),2018.02.24,"均价76,500元/m²","1,683万元"
万顺水原墅,在售,[闵行-颛桥]都市路777弄,四居(2),2017.12.19,"1,746-1,800万元/套",
金臣汇,在售,[闵行-华漕]上海市闵行区金光路801弄...,三居(2)，四居(2),2017.03.17,"均价75,000元/m²","1,898万元"
御涛园,在售,[闵行-马桥]闵行马桥镇茜昆路518弄,五居及以上(2),2018.01.30,"3,000万元/套起",
华侨城十号院,在售,[闵行-浦江]闵行浦驰路1628弄,五居及以上(3),2018.02.24,"4,000-4,800万元/套",
翡丽云邸,售罄,[杨浦-东外滩] 杨浦霍山路699号（辽...,三居(1),2017.04.09,"均价64,000元/m²",总价待定
泰宝华庭别墅,售罄,[杨浦-新江湾城]杨浦区国权北路1088弄,五居及以上(2),2016.12.12,总价待定,
中能8号公馆,售罄,[杨浦-五角场]杨浦区营口路851号（近安波路）,二居(1)，三居(1),2017.11.15,"均价50,000元/m²",总价待定
江湾尊堡别墅,售罄,[杨浦-新江湾城]杨浦三门路351弄22...,五居及以上(1),2015.07.30,总价待定,
祥生御江湾,售罄,[杨浦-新江湾城]国权北路1188弄,三居(1)，五居及以上(1),2017.02.06,"均价80,000元/m²",总价待定
万科翡翠江湾,售罄,[杨浦-新江湾城]江湾城路88弄（闸殷路...,二居(1)，四居(1),2016.09.18,"均价62,000元/m²",总价待定
三湘七星府邸,售罄,[杨浦-新江湾城]杨浦政青路599弄（淞...,五居及以上(1),2016.04.21,售价待定,总价待定
建发公园首府,售罄,[杨浦-黄兴]杨浦控江路669弄（杨浦公园东侧）,三居(2),2015.12.08,"均价65,000元/m²",总价待定
建发·璟墅,售罄,[杨浦-新江湾城]杨浦殷高东路889弄,四居(1),2016.02.26,总价待定,
文通雅苑,售罄,[杨浦-东外滩]杨浦辽阳路508弄（昆明...,三居(1),2015.06.12,售价待定,总价待定
蓝海·城市家,售罄,[杨浦-五角场]杨浦黄兴路1800号（近...,一居(1),2016.04.20,"均价42,000元/m²",总价待定
九龙仓玺园,售罄,[杨浦-新江湾城]杨浦新江湾城国晓路50...,四居(1),2014.03.07,"均价60,000元/m²",总价待定
滨江晶典,售罄,[杨浦-东外滩]杨浦榆林路802号（齐齐...,三居(1),2016.05.03,"均价60,000元/m²",总价待定
旭辉江湾墅,售罄,[杨浦-新江湾城]杨浦民府路1258弄（...,四居(1),2016.05.19,总价待定,
文化名邸,售罄,[杨浦-新江湾城]杨浦政青路399弄（靠...,三居(1),2016.04.20,总价待定,
中海紫御世家,在售,[普陀-长风]普陀同普路688弄,四居(2),2017.09.15,"5,110万元/套",
祥和王宫,在售,[普陀-桃浦]上海市普陀区古浪路391弄,五居及以上(2),2017.04.07,"5,900万元/套",
万业新阶,售罄,[普陀-光新]普陀中山北路1482号,三居(1),2017.03.09,"均价33,000元/m²",总价待定
中山润园,售罄,[普陀-武宁]凯旋北路1888号,二居(1)，三居(1)，四居(1)，五居及以上(1),2017.01.03,"均价90,000元/m²","876-1,505万元"
复地香栀花园,售罄,[普陀-桃浦]普陀区祁顺路1388弄,五居及以上(1),2017.04.13,"1,200万元/套",
国浩长风汇都,售罄,[普陀-长风]泸定路568弄（同普路泸定路口）,三居(2)，四居(3),2017.08.25,"均价68,000元/m²","1,292万元"
静安豪景苑,待售,[静安-南京西路]静安区武定路650弄,三居(1)，四居(2),2017.07.27,"均价120,000元/m²","1,969-3,223万元"
中粮天悦壹号,在售,[静安-不夜城]曲阜路966弄,三居(4)，四居(2),2017.03.14,"均价110,000元/m²","2,340-3,705万元"
大宁揽翠艺墅,待售,[静安-大宁]静安广延路1099号,四居(2),2017.02.09,"2,600万元/套",
华侨城苏河湾上海宝格丽公寓,待售,[静安-不夜城]静安北苏州路912号,二居(1),2017.03.26,售价待定,"2,916万元"
嘉天汇,在售,[静安-南京西路]上海市静安区新闸路19...,三居(1)，四居(1),2017.03.13,"均价145,000元/m²","4,785万元"
大宁瑞仕花园,售罄,[静安-大宁]闸北延长中路727弄（近普善路）,三居(1),2015.08.24,"均价70,000元/m²",总价待定
南京西路公馆,售罄,[静安-南京西路]南京西路2068号（近镇宁路）,一居(2)，二居(5),2018.02.24,售价待定,总价待定
象屿大宁悦府,售罄,[静安-彭浦]闸北平型关路1899弄 ,三居(3),2016.04.05,"均价70,000元/m²",总价待定
金融街静安中心,售罄,[静安-曹家渡] 上海市静安区万航渡路736号 ,三居(2),2017.04.15,"均价110,000元/m²",总价待定
中海万锦城三期,售罄,[静安-不夜城]上海市闸北区永兴坊190街坊27丘 ,四居(2),2015.12.25,"均价50,000元/m²",总价待定
中星馨恒苑,售罄,[静安-彭浦]江场西路1288号,三居(1),2015.12.25,"均价40,000元/m²",总价待定
都荟豪庭,售罄,[静安-不夜城]芷江西路372号、普善路177弄,一居(1),2015.06.30,"均价50,000元/m²",总价待定
上海滩大宁城,售罄,[静安-大宁]中山北路899弄 ,二居(1),2013.10.25,"均价40,000元/m²",总价待定
天祥华府,售罄,[静安-大宁]柳营路与平型关路交界 ,四居(1),2015.05.20,"均价50,000元/m²",总价待定
农房熙藏,售罄,[静安-不夜城]藏北路219弄1-4号,三居(1),2016.02.17,"均价150,000元/m²",总价待定
外滩公馆,售罄,[黄浦-黄浦滨江]多稼路165号,三居(1),2015.12.31,"均价65,000元/m²",总价待定
黄浦逸城,售罄,[黄浦-老西门]黄浦区陆家浜路1100号,二居(1),2015.09.26,"均价45,000元/m²",总价待定
海珀黄浦,售罄,[黄浦-老西门]黄浦国货路南车站路交口,三居(2),2016.12.05,"均价120,000元/m²",总价待定
华府天地睿园,售罄,[黄浦-老西门]黄浦区斜土东路8号,三居(1),2016.12.06,"均价95,000元/m²",总价待定
华丽家族汇景天地,售罄,[黄浦-打浦桥]瞿溪路986弄(4号线鲁班路站) ,一居(1)，二居(1),2017.03.29,"均价44,000元/m²",总价待定
馨雅名筑,售罄,[黄浦-南桥新城]南桥解放东路599弄,二居(1),2017.04.09,"均价22,500元/m²",总价待定
黄浦滩名苑,售罄,[黄浦-老西门]黄浦保屯路288号,四居(1),2017.01.22,"均价110,000元/m²",总价待定
盛世滨江壹号公馆,售罄,[黄浦-打浦桥]上海市卢湾区中山南一路468号,二居(2),2016.12.01,"均价68,000元/m²",943-952万元
地产尚海郦景,在售,[浦东-洋泾]浦东桃林路乳山路路口,三居(1)，四居(1),2018.01.19,"均价125,000元/m²","2,000-2,375万元"
陆家嘴中央公寓,在售,[浦东-花木]浦东东绣路99弄（近花木路...,三居(1)，五居及以上(1),2018.01.19,"均价100,000元/m²","1,500-2,900万元"
绿都绣云里（商办）,待售,[浦东-祝桥] 浦东南六公路崇溪路路口东侧,一居(1),2017.11.16,"均价40,000元/m²",140万元
华发四季,在售,[浦东-张江]殷军路与申江路路口,三居(10)，四居(7),2018.01.19,"均价69,000元/m²",总价待定
碧云壹零,在售,[浦东-临港新城]竹柏路758弄,四居(1)，五居及以上(1),2018.02.04,648-729万元/套,
君庭,在售,[浦东-张江]浦东新区张江银柳路385弄,四居(1)，五居及以上(1),2017.12.31,"28,080万元/套",
东方城市豪庭,待售,[浦东-惠南]浦东人民东路2779弄38支弄,一居(1)，二居(1)，三居(3),2018.01.27,售价待定,总价待定
东亚启航公馆,待售,[浦东-川沙]浦东施湾路航城三路518弄,二居(1)，三居(1),2018.02.02,售价待定,总价待定
嘉泷汇,未售,[浦东-金桥]浦东金业路58弄（近金工路）,,2018.02.24,售价待定,总价待定
琉森公馆,待售,[浦东-周康] 浦东周邓公路5333号,二居(1),2017.03.30,"均价26,000元/m²",265万元
大名城紫金9号,在售,[浦东-唐镇]浦东龙东大道顾唐路口,二居(1)，三居(1),2018.01.27,"最低68,000元/m²起",775万元
万科翡翠滨江,在售,[浦东-洋泾]浦东昌邑路1500号（近桃林路）,四居(5),2017.08.25,"均价110,000元/m²","2,640-3,410万元"
汤臣一品,在售,[浦东-陆家嘴滨江]上海市浦东新区花园石...,四居(1)，五居及以上(2),2018.01.19,"均价200,000元/m²","8,680-15,340万元"
东郊壹号,在售,[浦东-张江]浦东银柳路58弄（近翠柏路）,四居(1)，五居及以上(5),2018.01.28,"18,784-21,440万元/套",
尼德兰花园,在售,[浦东-外高桥]浦东张扬北路4555弄,,2018.02.25,"均价60,000元/m²",总价待定
绿洲华亭茗苑,在售,[嘉定-嘉定北部]嘉定高竹路501弄,二居(3)，三居(3),2018.01.19,"均价25,000元/m²",185-308万元
佳兆业城市广场,在售,[嘉定-嘉定新城]上海市嘉定区顺宁路501弄,三居(8)，四居(2),2018.02.28,"均价30,000元/m²",357-450万元
恒大御景湾,在售,[嘉定-嘉定新城]阿克苏南路与合作南路交汇处,三居(1)，四居(4),2018.02.06,"均价48,000元/m²","763-1,134万元"
爱ME城市,待售,[嘉定-南翔]嘉定众仁南路79弄（武威路...,一居(2)，二居(2),2017.11.15,售价待定,总价待定
连飞虹湖天地,待售,[嘉定-南翔]嘉定武威路2909弄,二居(2)，三居(1),2017.12.31,"均价31,000元/m²",233-499万元
上实海上公元,在售,[嘉定-嘉定新城]嘉定新城  嘉定区伊宁...,三居(3),2018.02.28,"最低44,000元/m²起",554万元
中信泰富又一城（商办）,待售,[嘉定-嘉定新城]嘉定云屏路518弄（云...,一居(1)，二居(1),2017.11.16,售价待定,总价待定
万城银座,在售,[嘉定-嘉定新城]上海市嘉定区南翔槎溪路222号,二居(4),2017.12.29,"均价28,000元/m²",140-252万元
骏丰玲珑坊,在售,[嘉定-嘉定新城]嘉定康丰路33号（11...,二居(4)，三居(1),2018.01.27,"均价50,000元/m²",370-425万元
新华悦都,待售,[嘉定-南翔]嘉定区武威路2600弄,二居(2)，三居(1)，五居及以上(1),2017.11.16,售价待定,总价待定
深城投十一街区,待售,[嘉定-嘉定新城]嘉定区宝安公路3636弄,开间(7),2017.08.25,"均价25,000元/m²",265-281万元
外冈壹号,在售,[嘉定-安亭汽车城]嘉定外冈镇外钱公路与...,二居(1)，三居(1)，四居(1),2018.02.25,"均价25,000元/m²",420万元
绿地海域观园,待售,[嘉定-嘉定新城]双单路1031弄,五居及以上(2),2018.03.02,总价待定,
玉宏星天地,待售,[嘉定-南翔]嘉定南翔镇宝翔路158弄5号,二居(3),2017.04.17,售价待定,总价待定
安亭瑞仕华庭,待售,[嘉定-安亭汽车城]安亭博园路6688号,二居(1)，三居(1),2018.03.02,售价待定,总价待定
佘山一品,在售,[松江-佘山]松江佘山镇桃源路518弄,五居及以上(5),2018.01.19,"757-1,053万元/套",
合生广富汇,在售,[松江-松江新城]松江区银泽路3188弄,三居(3),2018.01.24,"1,462-1,473万元/套",
上尚缘,待售,[松江-松江新城]松江文翔路3588弄（...,二居(1)，三居(1),2018.01.26,售价待定,总价待定
新城上坤樾山美墅,在售,[松江-泗泾]松江嘉松公路塘砖路交汇处（...,三居(1)，四居(3)，五居及以上(1),2018.02.28,"1,075万元/套",
佘山玺樾,在售,[松江-松江新城]松江辰花路3177号,三居(8)，四居(1),2018.02.28,"1,352-1,362万元/套",
九亭中心,待售,[松江-九亭]松江区沪松公路与沪亭北路交...,,2017.11.15,售价待定,总价待定
金地都会艺境(别墅),待售,[松江-新桥]陈春路与明兴路交汇处		,三居(4),2018.03.02,总价待定,
恒都广场,待售,[松江-松江新城]松江茸梅路600弄,开间(2),2017.11.15,售价待定,总价待定
恒大佘山首府,在售,[松江-佘山]松江佘山辰塔路勋业路交汇处,四居(4),2018.02.28,"均价34,000元/m²",644-814万元
法兰西世家,在售,[松江-新桥]松江区洞泾镇新农河路398弄,五居及以上(1),2018.02.25,918万元/套,
绿地海珀佘山,在售,[松江-佘山]松江九江公路159弄,四居(1)，五居及以上(2),2018.02.28,"1,728万元/套",
新城上坤樾山半岛,待售,[松江-佘山]松江区嘉松南路塘砖路交叉口,三居(1)，四居(2),2018.03.12,580-845万元/套,
长泰西郊别墅,在售,[松江-泗泾]泗砖南路1500弄,四居(2)，五居及以上(1),2018.01.24,"1,166-1,574万元/套",
上海紫园二期,在售,[松江-佘山]松江佘天昆公路268号,,2017.03.23,总价待定,
金地玺华邨,待售,[松江-泗泾]松江泗泾镇泗通路与泗宝路交叉口,四居(1),2018.02.23,售价待定,"46,300元/m²"
仁恒西郊花园,在售,[青浦-徐泾]青浦徐盈路1188弄,三居(1)，四居(1),2018.02.04,"均价60,000元/m²","882-1,332万元"
绿地海珀风华,在售,[青浦-赵巷]青浦业煌路128弄,四居(1),2018.02.25,"1,404万元/套",
御湖别墅,在售,[青浦-赵巷]沪青平公路2558弄,四居(1)，五居及以上(1),2018.02.24,"1,800-2,700万元/套",
恒文星尚湾,在售,[青浦-华漕]青浦新凤中路899弄,二居(1)，三居(2),2018.02.28,"均价42,000元/m²",374-512万元
嘉涛湾,待售,[青浦-朱家角]青浦浦泰路1号（近沙淀南路）,三居(1)，五居及以上(1),2017.02.08,总价待定,
水悦堂,待售,[青浦-朱家角]淀山湖大道珠溪路路口,,2017.08.10,总价待定,
英庭名墅,待售,[青浦-徐泾]青浦区徐泾镇诸光路228弄...,三居(3)，四居(1),2017.11.15,总价待定,
灿辉晶典1733,待售,[青浦],,,总价待定,
东渡悦来城（商办）,未售,[青浦-青浦新城]青浦区淀山湖大道866号,,2017.01.19,售价待定,总价待定
虹桥世界中心,在售,[青浦-徐泾]青浦诸光路盈港东路交口,开间(2),2017.04.10,"均价45,000元/m²",总价待定
大发融悦四季,待售,[青浦-青浦新城]青浦汇金路秀泽路路口,三居(6)，四居(1),2018.02.28,售价待定,"38,700元/m²"
虹桥融景,待售,[青浦-徐泾]青浦沪青平公路1638号,五居及以上(1),2017.11.29,总价待定,
西虹桥壹号,待售,[青浦-青浦新城]上海市青浦区青泰路616弄,三居(3)，四居(2),2018.01.27,售价待定,总价待定
珠江悦公馆,待售,[青浦-赵巷]青浦区嘉松中路5999弄,二居(1),2017.04.10,售价待定,总价待定
青浦卓越世纪中心(别墅),待售,[青浦-青浦新城]青浦清河湾路819弄（...,,2017.03.24,总价待定,
佳兆业8号别墅,待售,[奉贤-南桥新城]钜庭路99弄1号 ,三居(2),2017.11.30,400万元/套,
景源名墅,在售,[奉贤-庄行]奉贤钜庭路333弄,四居(1)，五居及以上(1),2017.04.07,"1,099-1,333万元/套",
绿地香溢,售罄,[奉贤-海湾]海兴路1881弄（近海农公路）,一居(2)，二居(1),2017.03.20,"均价16,000元/m²",86-112万元
绿地香溢（别墅）,售罄,[奉贤-海湾]海兴路1881弄（近海农公路）,三居(2),2017.03.24,总价待定,
灏景湾,售罄,[奉贤-金汇]奉贤浦星公路红旗渠桥西南200米,三居(3),2017.04.11,"均价34,000元/m²",总价待定
新城花屿湾,售罄,[奉贤-奉城]奉贤兰博路1455弄（奉城...,四居(1),2017.01.09,总价待定,
棕榈滩海景城,售罄,[奉贤-海湾]海湾旅游区金汇塘东路179...,一居(1)，二居(1)，三居(1)，四居(1),2016.11.29,"均价18,000元/m²",总价待定
正阳世纪星城,售罄,[奉贤-南桥新城]正环路666弄,四居(2),2017.07.09,"均价24,000元/m²",总价待定
旭辉阳光海,售罄,[奉贤-柘林]奉贤海马路5111弄,三居(1),2017.11.24,总价待定,
万科金域华府,售罄,[奉贤-金汇]奉贤南桥万顺路和清朗路交汇...,二居(1),2017.03.20,"均价31,000元/m²",总价待定
阳光四季园,售罄,[奉贤-南桥新城]育秀路1288弄,三居(2),2013.12.24,"均价16,000元/m²",总价待定
平安富邸,售罄,[奉贤-奉城]奉贤海旗路1518号,一居(1),2016.11.21,"均价17,000元/m²",总价待定
申亚乐庭,售罄,[奉贤-庄行]奉贤南亭公路2825弄,三居(2),2017.01.09,"均价18,500元/m²",总价待定
中建公元壹号,售罄,[奉贤-奉城]奉城镇兰博路1801号（奉...,,2016.11.03,总价待定,
苏宁荣悦,售罄,[奉贤-南桥新城]奉贤区南奉公路7298号,三居(1),2016.01.21,"均价20,000元/m²",总价待定
金山名都,售罄,[金山-朱泾]上海朱泾镇沈浦泾路668弄26号 ,二居(1)，三居(1),2015.09.27,"均价11,000元/m²",总价待定
上海金山万达广场,售罄,[金山-金山新城]金山区松卫南路龙航路 ,一居(2),2016.11.24,"均价15,000元/m²",总价待定
君逸公馆,售罄,[金山-金山新城]金山龙翔路1235弄,三居(1),2016.09.21,售价待定,总价待定
华丰格兰郡别墅,售罄,[金山-枫泾]金山枫泾镇白牛路枫塘路路口,五居及以上(1),2016.10.27,总价待定,
金悦华庭别墅,售罄,[金山-金山新城]金山卫零北路799弄近龙皓路,四居(1),2014.05.26,总价待定,
红星紫郡,售罄,[金山-金山新城]上海市金山区龙山路280弄 ,三居(1),2016.04.08,"均价11,000元/m²",总价待定
金都会,售罄,[金山-朱泾]金山朱泾镇金龙新街339号,一居(3),2017.04.06,"均价11,000元/m²",总价待定
紫菱苑,售罄,[金山-朱泾] 金山朱泾镇金龙新街与塘园...,二居(1),2015.10.27,"均价13,000元/m²",总价待定
蓝堡公馆,售罄,[金山-金山新城]金山龙胜东路828弄,三居(1),2016.09.21,"均价11,000元/m²",总价待定
晶珑俪榭,售罄,[金山-金山新城]金山龙翔路660弄（近...,二居(1),2017.02.03,"均价16,000元/m²",总价待定
悦立方商业广场,售罄,[金山-金山新城]金山海芙路228弄（近龙翔路）,一居(1),2017.01.24,"均价14,000元/m²",总价待定
御景龙庭,售罄,[金山-金山新城]学府路818弄,二居(1),2016.10.26,"均价10,000元/m²",总价待定
星城国际,售罄,[金山-亭林]金山亭林镇车亭公路3671弄,三居(1),2017.02.09,"均价13,000元/m²",总价待定
新城旭辉府,售罄,[金山-金山新城]山阳镇海盛路500弄,三居(1),2016.08.12,"均价13,500元/m²",总价待定
农房万祥金邸,售罄,[金山-朱泾]朱泾镇金南街586弄,三居(1),2016.03.24,"均价14,000元/m²",总价待定
锦秋御尚,售罄,[宝山-大场]宝山锦秋路699弄十七区（...,二居(2),2017.04.05,"均价46,000元/m²",总价待定
保利叶之林,售罄,[宝山]华秋路349弄,三居(1)，四居(1),2016.11.03,"均价30,000元/m²",总价待定
阳光美林,售罄,[宝山-月浦]宝山月富路218弄,二居(1),,"均价16,000元/m²",总价待定
中冶盘古馨苑,售罄,[宝山-杨行]盘古路927号,,2017.03.30,"均价45,000元/m²",总价待定
远洋7号,售罄,[宝山-罗店]罗芬路1288弄,三居(1),,"均价16,000元/m²",总价待定
铂珏公馆,售罄,[宝山-罗店]罗迎路800弄48号,三居(1),2016.11.03,"均价25,000元/m²",总价待定
招商海德公馆,售罄,[宝山-杨行]宝山海笛路333弄,二居(1),2016.12.06,售价待定,总价待定
经纬学府阳光家园,售罄,[宝山-大场]宝山 涵青路100弄,三居(2),2016.02.25,"均价50,000元/m²",总价待定
大华兰湖天境,售罄,[宝山-罗店]宝山美兰湖罗迎路505弄2...,五居及以上(2),2017.06.23,总价待定,
自然居家园,售罄,[宝山-顾村]宝山水产西路999弄,二居(1),,"均价19,100元/m²",总价待定
阳光城花满墅,售罄,[宝山-淞南高境]宝山罗迎路188弄（罗...,四居(1),2016.11.29,总价待定,
同济城市阳光,售罄,[宝山-大场]宝山环镇北路1118弄,三居(1)，四居(1),,"均价26,000元/m²",总价待定
悦尚华都,售罄,[宝山-大华]宝山新沪路1073号,一居(1),2016.12.06,"均价28,500元/m²",总价待定
远洋7号(商办),售罄,[宝山-罗店]罗芬路1288弄,,,"均价18,500元/m²",总价待定
融创大宁北玉兰公馆,售罄,[宝山-顾村]宝山区联谊路649号,三居(2)，四居(1),2017.04.06,"均价65,000元/m²",总价待定
金臣别墅,在售,[闵行-华漕]上海市闵行区金光路801弄,四居(2),2017.02.06,"4,739-4,816万元/套",
中星红庐,售罄,[闵行-马桥]闵行昆阳路3299号（近元江路）,,2017.12.14,总价待定,
古北金鹰府,售罄,[闵行-金虹桥]虹中路399弄,二居(2)，三居(1),2017.06.08,"均价70,000元/m²",总价待定
城开珑庭,售罄,[闵行-古美罗阳]闵行业祥路58号,二居(1)，三居(7),2017.04.25,"均价65,000元/m²",总价待定
当代万国府MOMA,售罄,[闵行-江川路]闵行江川东路与沧源路交界处,二居(1)，三居(1),2017.02.17,"均价38,000元/m²",总价待定
海赋尚品,售罄,[闵行-江川路]上海市闵行区瑞丽路与剑川...,三居(1),2017.02.06,"均价35,000元/m²",总价待定
虹桥一号,售罄,[闵行-华漕]北翟路2000弄51号支弄(近北沈路),二居(3),2017.11.29,"均价42,000元/m²",总价待定
一品漫城（商办）,售罄,[闵行-浦江]闵行芦恒路306弄（近8号...,三居(1),2017.03.07,"均价42,000元/m²",总价待定
浦江意优,售罄,[闵行-浦江]闵行区恒南路1111弄（近江月路） ,三居(1),2017.02.08,"均价27,000元/m²",总价待定
陆家嘴红醍半岛,售罄,[闵行-浦江]上海市闵行区江桦路888弄...,四居(1),2017.03.01,总价待定,
名都城三期翡翠名都,售罄,[闵行-金虹桥]上海市闵行区古北路1700弄 ,二居(2)，四居(1),2017.04.09,"均价100,000元/m²",总价待定
古北壹号,售罄,[闵行-古北]上海闵行区红松东路1099弄,四居(2),2018.01.09,"均价150,000元/m²",总价待定
富力虹桥十號,售罄,[闵行-华漕]宁虹路6号（宁虹路与申虹路...,四居(1),2017.04.17,售价待定,总价待定
当代万国府MOMA（别墅）,售罄,[闵行-江川路]闵行江川东路与沧源路交界处,四居(1),2017.03.20,总价待定,
明泉璞院,售罄,[闵行-金虹桥]虹秀路78弄（近虹泉路）,四居(1),2016.11.01,"1,345万元/套",
润地华庭,售罄,[杨浦-新江湾城]杨浦绥中路68弄（淞沪...,,2017.04.13,"均价47,000元/m²",总价待定
圣骊河滨苑,售罄,[杨浦-东外滩] 杨浦平凉路923-925号,二居(1),2015.02.25,"均价32,000元/m²",总价待定
新江湾中凯城市之光,售罄,[杨浦-新江湾城]杨浦新江湾城国安路78...,四居(1),2015.12.31,"均价46,000元/m²",总价待定
保利香槟花园,售罄,[杨浦-东外滩]杨浦怀德路398号（扬州路口）,二居(1),2016.02.29,"均价61,000元/m²",总价待定
上和园,售罄,[杨浦-新江湾城]杨浦政云路三门路（10...,二居(1),2015.06.30,售价待定,总价待定
银亿领墅,售罄,[杨浦-新江湾城]杨浦民府路1199弄（...,五居及以上(1),2016.01.07,总价待定,
慧芝湖花园三期,售罄,[静安-大宁]平型关路1083弄 ,三居(2),2017.04.13,"均价40,000元/m²",总价待定
艾格美国际公寓,售罄,[静安-南京西路]上海市静安区石门一路118号 ,二居(1),2016.05.06,"均价88,000元/m²",总价待定
远中风华园,售罄,[静安-江宁路]静安区新闸路1068弄,四居(1),2015.10.30,"均价75,000元/m²",总价待定
闻喜华庭,售罄,[静安-彭浦]闸北区曲沃路88号,二居(1),2016.12.06,"均价55,000元/m²",总价待定
森兰名轩,待售,[浦东-外高桥]浦东兰谷路2500弄近张杨北路,三居(1)，四居(1),2018.02.28,售价待定,总价待定
仁和都市花园,待售,[浦东-周康]浦东京浦路御水路（11号线...,三居(1)，四居(1),2018.01.27,售价待定,总价待定
陆家嘴壹号院,待售,[浦东-洋泾]浦东滨江大道1380弄,四居(4),2018.02.25,售价待定,总价待定
港城滴水湖馨苑,待售,[浦东-临港新城]浦东临港新城方竹路88弄,三居(1)，四居(1),2017.09.15,售价待定,总价待定
阳明花园,待售,[浦东-外高桥]浦东季景路333弄（杨高...,三居(4),2018.01.27,售价待定,总价待定
御沁园,待售,[浦东-周康]上海市浦东新区周康路869弄,四居(2),2018.02.24,总价待定,
禹洲城市广场,待售,[浦东-临港新城]浦东新区东大公路老芦公路口,开间(8),2017.11.15,售价待定,69-76万元
同济东时区,待售,[浦东-川沙]浦东航城四路318弄（施新...,二居(1)，三居(2),2017.08.04,"均价31,000元/m²",323-370万元
临港首府,待售,[浦东-临港新城]浦东竹柏路503弄（近茉莉路）,三居(1),2017.08.04,"均价25,000元/m²",410万元
同济东时区（别墅）,在售,[浦东-川沙]浦东航城四路318弄（施新...,二居(2)，四居(2),2018.02.25,837万元/套,
仁恒东郊花园,在售,[浦东-唐镇] 浦东唐龙路1399号（近顾唐路）,二居(1)，四居(1),2018.02.25,"均价68,000元/m²","1,496万元"
江畔御庭,在售,[浦东-川沙]浦东华夏东路5888弄,四居(1),2018.03.02,"1,522万元/套",
保利ONE56,在售,[浦东-陆家嘴滨江]上海市浦东新区浦明路868弄,二居(2)，三居(1),2017.03.14,"均价150,000元/m²","3,443-4,442万元"
合生东郊别墅,在售,[浦东-张江]上海市浦东新区翠柏路,五居及以上(4),2018.02.25,"7,758-11,772万元/套",
森兰美伦,待售,[浦东-外高桥]浦东新区洲海路999号,一居(1),2017.11.16,售价待定,总价待定
日月光伯爵天地,待售,[嘉定-嘉定新城]上海市嘉定区陈家山路338号 ,三居(3),2018.02.25,售价待定,总价待定
季景铭郡,待售,[嘉定-南翔]嘉定古猗园南路355弄(古...,二居(1)，三居(2)，四居(1),2018.02.25,售价待定,总价待定
铂悦818,待售,[嘉定-嘉定新城]嘉定叶城路818号,开间(3),2017.04.05,"均价25,000元/m²",104-148万元
西上海君廷,在售,[嘉定-安亭汽车城]嘉定安亭镇曹安公路4...,二居(1),2017.07.01,"均价36,000元/m²",353万元
自在璞境,待售,[嘉定]嘉定银翔路1227弄,,2017.05.02,"均价35,000元/m²",总价待定
东方慧谷,在售,[嘉定-嘉定新城]嘉定宝安公路2999号,,2017.04.10,总价待定,
嘉华国际,待售,[嘉定-嘉定新城]嘉定嘉罗公路368号,,2017.04.07,"均价14,000元/m²",总价待定
西上海君廷（商办）,待售,[嘉定-安亭汽车城]嘉定安亭镇曹安公路4...,,2017.04.05,"均价18,000元/m²",总价待定
中茂世纪,待售,[嘉定-嘉定北部]嘉定 汇源路218弄（...,,2017.06.19,总价待定,
绿地欧拉,待售,[嘉定-安亭汽车城]嘉定安亭昌吉东路雅丹路,一居(2),2017.08.25,"均价16,000元/m²",80-112万元
红土天阶,待售,[嘉定-嘉定新城]叶城路胜辛路交汇处 ,一居(2)，二居(1),2017.03.01,"均价25,000元/m²",103-123万元
方舟时代广场,在售,[嘉定-嘉定新城] 嘉定区仓场东路382号,一居(2),2017.04.11,"均价20,000元/m²",108-116万元
骏丰玲珑坊（商办）,在售,[嘉定-嘉定新城]嘉定康丰路33号（11...,二居(1)，开间(6),2017.04.03,"均价32,588元/m²",117-479万元
创融嘉天地,在售,[嘉定-嘉定新城]嘉定天祝路合作路,开间(4),2017.04.07,"均价40,000元/m²",140-204万元
汇豪新天地,待售,[嘉定-嘉定新城]嘉定白银路327号(近阿克苏路),二居(1),2017.02.27,"均价30,000元/m²",162万元
汇贤阁别墅,在售,[松江-九亭] 松江涞坊路723弄,,2017.01.25,总价待定,
九城家天下雅苑,待售,[松江-新桥]松江新镇街99弄、新镇街5...,五居及以上(1),2017.04.05,总价待定,
翔良公馆,待售,[松江-松江老城]松江玉树路2号（近荣乐...,二居(1),2017.08.25,"均价28,000元/m²",96万元
佘山环球企业中心,未售,[松江-佘山]松江广富林路5000号（近鼎源路）,一居(2),2017.07.01,"均价21,000元/m²",111-141万元
御上海青橙,待售,[松江-松江新城]松江谷阳北路2533弄...,开间(4),2017.08.25,"均价25,000元/m²",115-148万元
世茂纳米魔幻城晶品公馆,待售,[松江-泗泾]松江 辰花公路路5088号...,一居(2)，二居(1),2017.03.29,"均价24,000元/m²",139-151万元
MORE街区,待售,[松江-泗泾]沪松路2288弄,二居(1)，三居(1),2017.05.03,"均价25,000元/m²",158-183万元
首创锦悦,在售,[松江-松江新城]博园路6155号,三居(1),2017.09.09,"均价43,000元/m²",542万元
华润原墅,在售,[松江-泗泾]松江古楼路529号,三居(1)，四居(3),2018.02.02,764万元/套,
恒大佘山首府(别墅),在售,[松江]松江佘山辰塔路勋业路交汇处,四居(3),2017.04.11,880万元/套,
贝尚湾溪谷墅,在售,[松江-九亭]松江沪亭北路338弄,五居及以上(2),2017.03.20,"1,044-1,140万元/套",
绿城兰园,在售,[松江-泗泾]松江平阳河路555弄,四居(1),2017.03.22,"均价35,900元/m²","1,102万元"
同润十里洋坊别墅,在售,[松江-松江新城]上海市松江区影佳路,五居及以上(2),2017.03.06,"1,152-1,184万元/套",
佘山东紫园,在售,[松江-佘山] 松江佘山国家旅游度假区林...,五居及以上(2),2017.01.19,"1,312-2,016万元/套",
晶苑四季御庭四期,在售,[松江-新桥]松江明华路888弄,三居(2)，四居(2),2017.09.27,"1,502-1,802万元/套",
领第漫生活国际,在售,[青浦-徐泾]上海市青浦区徐泾镇沪青平公...,,2017.04.05,"均价30,000元/m²",总价待定
融信铂爵（商办）,在售,[青浦-青浦新城]青浦区淀山湖大道青浦大...,,2017.05.02,售价待定,总价待定
水都南岸（商办）,待售,[青浦-朱家角]青浦区朱家角镇康园路399弄,二居(1)，三居(1),2017.03.27,"均价18,000元/m²",77-173万元
乐活天地四维尔时代广场,在售,[青浦-青浦新城]青浦区青浦新城北青公路...,一居(1)，二居(1),2017.09.15,"均价26,000元/m²",78-156万元
富绅商业中心,待售,[青浦-青浦新城]青浦新城公园东路1590号,一居(1)，二居(1)，三居(1),2017.03.24,"均价30,000元/m²",126-258万元
美瑞清河湾,未售,[青浦-青浦新城]上海青浦清河湾路盈顺路166号,开间(2),2017.03.29,"均价35,000元/m²",140万元
尚都里,在售,[青浦-朱家角]朱家角新风路220号,一居(1)，二居(1),2017.03.30,"均价32,000元/m²",154-256万元
青浦卓越世纪中心（商办）,待售,[青浦-青浦新城]青浦清河湾路819弄（...,二居(1)，三居(1),2017.03.08,"均价26,000元/m²",169-218万元
运杰御澜雅苑,在售,[青浦-青浦新城]青浦区崧文南路秀泽路,三居(2),2018.02.27,"均价43,000元/m²",322-538万元
金都公寓式酒店（别墅）,待售,[青浦-青浦北部]青浦区重固镇赵重公路2811弄,四居(2),2017.04.11,367-373万元/套,
上海恒大御澜庭(别墅),在售,[青浦-朱家角]青浦朱家角镇淀山湖大道复...,三居(3)，四居(3)，五居及以上(1),2018.02.25,556-976万元/套,
朱家角新城•观澜府,在售,[青浦-朱家角]青浦区朱家角镇珠湖路511号,三居(2)，四居(1),2018.02.24,576万元/套,
新华联奥莱悦府别墅,在售,"[青浦-赵巷] 青浦嘉松中路沈泾塘支路
",四居(1)，五居及以上(1),2017.04.01,610-716万元/套,
古北香堤艺墅,在售,[青浦-朱家角]青浦朱家角沙淀中路77弄,四居(2),2017.03.30,672-698万元/套,
颐湾丽庭,在售,[青浦-朱家角]青浦区绿舟路118弄,四居(1)，五居及以上(1),2017.03.13,745-882万元/套,
海湾艺墅,售罄,[奉贤-海湾]奉贤区海马路5999号 ,四居(1)，五居及以上(1),2017.01.24,总价待定,
秋月朗庭,售罄,[奉贤-南桥新城]奉贤南桥新城富竹路1号 ,二居(3),2016.09.27,"均价21,000元/m²",总价待定
绿地海语墅别墅,售罄,[奉贤-海湾]海马路5888号 ,三居(1),2015.04.09,总价待定,
珑璟公馆,售罄,[奉贤-奉城]奉贤港阳路503弄（港阳路...,开间(5),2017.08.23,"均价15,000元/m²",总价待定
中南锦庭,售罄,[奉贤-金汇]上海市奉贤区浦星公路与南奉...,二居(1)，三居(2)，四居(1)，五居及以上(1),2016.11.30,"均价30,000元/m²",总价待定
英伦都市,售罄,[奉贤-海湾]上海市奉贤区海湾镇海农公路...,三居(1),2016.10.30,"均价14,000元/m²",总价待定
东原郦湾,售罄,[奉贤-金汇]清宁路万顺路 ,四居(1),2016.09.13,"均价30,000元/m²",总价待定
世茂爱马尚郡公寓,售罄,[奉贤-海湾]奉贤区明城路588弄,二居(1),2016.09.01,"均价9,900元/m²",总价待定
绿色家园泰馨苑,售罄,[奉贤-金汇]奉贤区泰西路158弄,四居(1),2015.01.10,总价待定,
嘉业海悦别墅,售罄,[奉贤-海湾]奉贤海马路2155弄,三居(1),2016.12.06,总价待定,
招商海廷,售罄,[奉贤-柘林]奉贤人民塘路1019弄,四居(1),2016.04.14,总价待定,
铭邦华府,售罄,[奉贤-南桥新城]浦东宣黄公路2585弄,四居(1),2016.08.11,"均价27,500元/m²",总价待定
绿地无双,售罄,[奉贤-南桥新城]上海市奉贤区金海公路,四居(1),2016.04.27,"均价26,000元/m²",总价待定
汤臣臻园,售罄,[奉贤-南桥新城]望园南路2391号,三居(1),2016.09.29,"均价30,000元/m²",总价待定
佳源名人公馆,售罄,[奉贤-奉城]兰博路3069弄2-7、9-14号,三居(2),2016.12.27,"均价18,000元/m²",总价待定
金榜逸家,售罄,[金山-朱泾]金山健康路688弄,二居(1),2016.08.08,"均价15,000元/m²",总价待定
光明万盛金邸,售罄,[金山-金山新城]金山龙轩路蒙山北路路口,二居(1),2016.08.11,"均价13,500元/m²",总价待定
郁金香庭,售罄,[金山-朱泾]金山朱泾镇亭枫公路与众安街...,二居(1)，三居(1),2016.09.21,"均价13,000元/m²",总价待定
阳光美郡,售罄,[金山-金山中部]金山吕巷镇建新大街36弄,二居(1)，三居(1),2017.04.09,"均价7,200元/m²",总价待定
绿地幸福里,售罄,[金山-金山中部] 金山吕巷金张公路近金...,二居(1),2016.09.21,"均价10,000元/m²",总价待定
御亭首府,售罄,[金山-亭林]金山金展路2726弄,三居(1),2016.09.21,"均价10,000元/m²",总价待定
东林豪庭,售罄,[金山-朱泾] 金山朱泾镇众安街798弄,二居(1)，三居(1),2016.10.26,"均价18,000元/m²",总价待定
金悦华庭,售罄,[金山-金山新城]金山卫零北路799弄近龙皓路,四居(1),2014.05.26,"均价10,500元/m²",总价待定
水韵悦城,售罄,[金山-金山新城]金山卫零北路516号,二居(1)，三居(1),2016.03.25,"均价12,000元/m²",总价待定
正荣璟园（别墅）,售罄,[金山-亭林]金山枫泾镇泾波路与枫湾路交...,,2017.02.03,总价待定,
海上纳缇,售罄,[金山-金山新城]金山龙皓路1588弄（...,二居(1)，三居(1),2017.04.12,"均价25,000元/m²",总价待定
金域蔚蓝,售罄,[金山-金山新城]龙轩路789弄（近龙翔路）,三居(1),2016.08.12,"均价11,000元/m²",总价待定
枫丹别院,售罄,[金山-枫泾]枫泾镇泾宾路501弄21号 ,四居(1),2011.08.25,总价待定,
天都豪庭,售罄,[金山-亭林]亭林镇亭升路616弄,三居(1),2017.02.10,"均价16,000元/m²",总价待定
现代御墅,售罄,[金山-金山新城]金山卫清东路2588号,三居(1)，四居(1),2017.03.09,456-618万元/套,
远洋香奈,售罄,[宝山-杨行]上海市宝山区杨泰路2158弄,三居(1),,"均价26,000元/m²",总价待定
泰禾红御,售罄,[宝山-淞南高境]宝山恒高路83弄(近高境路),三居(1),2016.10.26,"均价70,000元/m²",总价待定
璟储新和湾(别墅),售罄,[宝山-罗泾]宝山沪太路8399弄（近徐潘路）,五居及以上(2),2017.04.09,总价待定,
中环SOHO未来,售罄,[宝山-淞南高境]宝山逸仙路3438号（...,一居(1),2016.11.29,"均价25,000元/m²",总价待定
旭辉澜悦湾,售罄,[宝山-罗泾]宝山潘泾路4777弄,三居(1),,"均价13,500元/m²",总价待定
信达郡庭,售罄,[宝山-罗店]宝山美丹路188弄,四居(1),,"均价25,500元/m²",总价待定
新城昱翠湾,售罄,[宝山-月浦]宝山月富路55弄,三居(1),,"均价16,000元/m²",总价待定
远东君悦庭别墅,售罄,[宝山-大场]宝山锦秋路655弄,五居及以上(1),2016.12.11,总价待定,
井晓公馆,售罄,[宝山-顾村]宝山区顾北路649号,一居(2),2016.10.10,"均价25,000元/m²",160-188万元
上置美兰优湖,售罄,[宝山-罗店]宝山美丹路222号(近7号线美兰湖站),一居(1),2016.12.13,"均价15,000元/m²",230万元
九龙仓滨江壹十八,待售,[浦东-塘桥]上海市浦东新区浦明路119...,四居(4)，五居及以上(2),2018.02.25,售价待定,总价待定
浦东星河湾,待售,[浦东-花木]浦东锦绣路2580弄,二居(2)，四居(6)，五居及以上(1),2018.02.25,售价待定,总价待定
滨江一品苑,未售,"[浦东-塘桥]上海市浦东新区浦逸路188弄
",三居(1),2017.03.28,售价待定,总价待定
大华斐勒公园别墅,在售,"[浦东-北蔡]北艾路1643弄（近华鹏路）
",,2017.03.13,总价待定,
森兰壹公馆,待售,[浦东-外高桥],,2016.12.01,售价待定,总价待定
新城西岸公园,待售,[浦东-周康]上海市浦东新区康沈路1199弄1-31号,三居(4)，四居(2),2018.03.12,售价待定,总价待定
恒生万鹂商业广场,待售,[浦东-唐镇] 浦东唐安路与高科东路交汇,,2017.02.06,"均价45,000元/m²",总价待定
临港海滨商务中心,在售,[浦东-临港新城]浦东港辉路308弄（潮...,,2017.02.08,"均价17,500元/m²",总价待定
中环森兰国际,待售,[浦东-外高桥]上海市浦东新区洲海路999号,,2017.11.15,售价待定,总价待定
尼德兰花园别墅,待售,[浦东-外高桥]浦东张扬北路4555弄,,2017.03.16,总价待定,
嘉宝前滩后院,在售,[浦东-三林]浦东云台路1101弄（近高青路）,,2018.02.25,总价待定,
融创精彩天地,在售,[浦东-金桥]浦东凌河路279号,,2017.02.09,"均价48,000元/m²",总价待定
东方鸿璟,在售,[浦东-祝桥]浦东 航亭环路399弄（海...,三居(1),2017.03.14,"均价40,000元/m²",总价待定
中洲珑玺台,待售,[浦东-惠南]浦东拱北路111弄,,2017.02.04,"均价22,000元/m²",总价待定
东方鸿璟（别墅）,在售,[浦东-祝桥]浦东 航亭环路399弄（海...,五居及以上(1),2017.03.23,总价待定,
瑞立万立城（商办）,待售,[嘉定-安亭汽车城]嘉定塔山路455弄（...,三居(1),2017.07.01,"均价17,000元/m²",211万元
瑞立万立城,待售,[嘉定-安亭汽车城]嘉定塔山路455弄（...,二居(2),2017.07.01,"均价30,000元/m²",249万元
安亭瑞仕锦庭,在售,[嘉定-安亭汽车城]安研路67弄1-26号,二居(2)，三居(3)，四居(1),2018.02.25,"均价31,500元/m²",312-501万元
信义嘉庭,在售,[嘉定-嘉定新城]嘉定叶城路新成路路口以...,二居(1)，三居(2)，四居(1),2018.01.30,"均价38,997元/m²",342-481万元
花园里,在售,[嘉定-嘉定新城]嘉定区宝塔路251号,二居(3),2018.03.16,"均价44,000元/m²",387-559万元
湖畔天下,待售,[嘉定-南翔]嘉定瑞林路800弄（瑞林路...,三居(6),2017.10.21,"均价50,000元/m²",520-590万元
绿洲华亭茗苑(别墅),在售,[嘉定-嘉定北部] 嘉定高竹路501弄,三居(1)，四居(1),2017.06.18,558-612万元/套,
绿地天呈,待售,"[嘉定-嘉定新城]嘉定胜竹路2600号
",三居(2)，四居(3),2018.01.26,售价待定,"43,000元/m²"
步阳御江金都二期,在售,[嘉定]嘉定区柳湖路299弄,四居(1),2017.03.16,"均价36,000元/m²",702万元
绿洲香格丽花园别墅,待售,[嘉定-嘉定新城]嘉定徐行镇启悦路358弄,三居(2),2017.03.02,752-772万元/套,
保利天琴宇,在售,[嘉定-嘉定新城]上海市嘉定区洪德路35弄 ,二居(1)，四居(1),2017.03.16,"均价41,000元/m²",820万元
嘉宝梦之湾（别墅）,在售,[嘉定-嘉定新城]上海市嘉定区盘安路1000弄,四居(1)，五居及以上(1),2017.04.10,860-920万元/套,
远香湖九号,在售,[嘉定-嘉定新城]嘉定区宝塔路99弄55号,四居(1),2017.03.16,892万元/套,
保利天鹅语别墅,在售,[嘉定-嘉定新城]上海市嘉定区洪德路1380弄,四居(2),2017.04.07,"893-1,008万元/套",
安亭瑞仕华庭别墅,待售,[嘉定-安亭汽车城]上海市嘉定博园路66...,三居(1),2017.02.09,945万元/套,
吉宝佘山御庭,在售,[松江-佘山]佘山镇外青松公路9211号...,五居及以上(1),2017.03.29,"1,791万元/套",
乔爱庄园,在售,[松江-新桥]松江区明中路666弄,五居及以上(1),2017.01.19,"1,957万元/套",
紫都上海晶园,在售,[松江-佘山]松江区佘山国家旅游度假区佘...,五居及以上(2)，开间(1),2017.01.23,"2,800-3,040万元/套",
中凯曼荼园,在售,[松江-佘山]松江区佘天昆公路333弄,五居及以上(2),2017.03.23,"5,760-7,424万元/套",
月湖山庄,在售,[松江-佘山]上海市松江区林荫新路,五居及以上(1),2017.03.23,"6,819万元/套",
新城上坤樾山四季,售罄,[松江-泗泾]松江嘉松公路塘砖路交汇处（...,三居(11)，四居(1),2017.06.03,"均价43,000元/m²",总价待定
绿地林肯公园,售罄,[松江-松江新城]松江广富林路茸凯路路口,二居(2)，三居(3)，四居(1),2017.11.29,售价待定,"48,000元/m²"
华润佘山九里,售罄,[松江-泗泾] 松江古楼路529号（近横港路）,三居(1),2017.03.28,"均价45,000元/m²",总价待定
恒大帝景,售罄,[松江-松江老城]松江文翔路、茸兴路交汇...,二居(1)，三居(1)，四居(7),2017.11.29,"均价36,000元/m²",总价待定
荣乐水岸,售罄,[松江-松江老城]松江荣乐西路106弄,二居(1)，三居(1),2017.10.21,售价待定,总价待定
新弘墅园,售罄,[松江-新桥]松江月台路625号,三居(1)，四居(2),2017.08.25,总价待定,
金地JIMU积木,售罄,[松江-马桥]松江区影佳路影视路路口,二居(2)，三居(3),2017.05.30,"均价25,000元/m²",总价待定
新城上坤樾山璟里,售罄,[松江-佘山]上海市松江区洞塔路500弄,三居(1)，四居(1),2017.04.24,"均价41,000元/m²",总价待定
保利翡丽公馆,售罄,[松江-泗泾]上海市松江区泗宝路46号,二居(1)，三居(1),2017.02.21,"均价36,000元/m²",总价待定
金地自在城,售罄,[松江-泗泾] 泗通路泗宝路交汇处（9号...,二居(1)，四居(1),2016.11.25,"均价45,000元/m²",总价待定
融信铂湾,在售,[青浦-赵巷]赵巷置鼎路889弄(近嘉松中路),三居(2)，四居(1),2017.04.14,757万元/套,
虹桥正荣府,在售,[青浦-徐泾]青浦联民路100弄,不限(1)，三居(3)，四居(4),2018.02.25,"均价60,000元/m²",900万元
虹桥宝龙城,在售,[青浦]青浦区新府中路1560号,五居及以上(1),2017.04.11,990万元/套,
君悦湾别墅,在售,[青浦-徐泾]青浦联民路877弄（近沪青平公路）,三居(1)，四居(1),2017.03.22,"1,008-1,056万元/套",
海源别墅,在售,[青浦-朱家角]上海市青浦区复兴路999弄9号,三居(1)，四居(1),2017.03.24,"1,504-1,516万元/套",
大豪山林别墅,在售,[青浦-徐泾]青浦盈港东路2588弄,四居(2),2017.02.06,"2,013-2,536万元/套",
御品园林,在售,[青浦-徐泾]青浦徐南路1188号,三居(1)，四居(2),2017.02.09,"2,365-2,800万元/套",
夏都融庭,在售,[青浦-徐泾]青浦高泾路1068弄,三居(1)，四居(1)，五居及以上(1),2017.04.11,"2,997-3,000万元/套",
涵璧湾,在售,[青浦-朱家角]上海市青浦区朱家角练西公...,五居及以上(2),2017.03.24,"3,028-4,108万元/套",
安墁西郊,在售,[青浦-徐泾]徐南路678弄,四居(1)，五居及以上(2),2017.01.22,"3,521-6,842万元/套",
湖庭庄园,在售,[青浦-朱家角]青浦朱家角绿湖路999弄,五居及以上(1)，开间(1),2017.03.10,"4,221-6,699万元/套",
中骏雍景湾,售罄,[青浦-朱家角]青浦 绿舟路珠溪路路口 ,三居(5),2017.06.26,总价待定,
中铁逸都,售罄,[青浦-青浦新城]上海市青浦区外青松公路...,三居(4)，四居(3),2018.02.25,售价待定,392万元
中信泰富朱家角新城,售罄,[青浦-朱家角]青浦朱家角阁游路389弄 ,三居(10),2017.06.29,"均价30,000元/m²",总价待定
海上湾（别墅）,售罄,[青浦-朱家角]朱家角镇绿舟路228号,五居及以上(1),2017.07.14,总价待定,
临港悦天地,售罄,[奉贤-奉城]奉贤海旗路333弄,一居(1),2016.09.29,"均价10,000元/m²",总价待定
绿地小米公社,售罄,[奉贤-奉城]上海市奉贤区X405奉海公...,一居(1),2016.09.08,"均价16,000元/m²",总价待定
海尚墅林苑,售罄,[奉贤-柘林]奉贤海泉路555号,一居(1),2015.03.13,"均价9,000元/m²",总价待定
金辉天鹅湾,售罄,[奉贤-南桥新城] 奉贤运河北路高洲路交汇处 ,二居(1)，三居(1),2016.11.14,"均价33,000元/m²",总价待定
逸时区,售罄,[奉贤-南桥新城]奉贤区国顺路沪杭公路口,二居(2),2017.01.10,"均价31,000元/m²",总价待定
嘉业海悦,售罄,[奉贤-海湾]奉贤海马路2155弄,二居(1),2016.11.07,售价待定,总价待定
众旺苑,售罄,[奉贤-南桥新城]解放西路70-91号｜...,二居(1),2013.12.24,"均价16,000元/m²",总价待定
万科南桥传奇,售罄,[奉贤-南桥新城]奉贤区国顺路沪杭公路口,二居(1),2016.11.01,"均价26,000元/m²",总价待定
阳光春城,售罄,[奉贤-南桥新城]环城南路1128弄阳光...,三居(1),2014.07.03,"均价22,000元/m²",总价待定
申亚书香水岸,售罄,[奉贤-金汇]奉贤金汇镇泰青公路119弄128支弄,二居(1),2016.09.13,"均价20,000元/m²",总价待定
圣地雅歌海墅,售罄,[奉贤-海湾]奉贤人民塘路326弄,四居(1),2016.09.27,总价待定,
聚贤煌都,售罄,[奉贤-南桥新城]奉浦大道95弄 ,五居及以上(1),2013.04.23,"均价13,000元/m²",总价待定
银河丽湾,售罄,[奉贤-南桥新城]奉贤南桥南奉公路金海路,,2013.09.18,"均价20,000元/m²",总价待定
明城海湾新苑别墅,售罄,[奉贤-海湾]奉贤海湾旅游区明城路1198弄,五居及以上(1),2013.12.14,总价待定,
顺寓国际社区 ,售罄,[奉贤-南桥新城]奉贤韩村路780弄（近...,三居(1),2017.02.09,总价待定,
禹洲商业广场（商办）,在售,[浦东-惠南]浦东沪南公路9858弄、9...,开间(4),2017.04.05,"均价22,000元/m²",110-200万元
乐非天地,在售,[浦东-外高桥]浦东新区夏碧路38号,一居(1)，二居(1),2017.04.13,"均价33,300元/m²",140万元
宝龙世家,待售,[浦东-临港新城]浦东新区芦潮港镇渔港路...,三居(1)，四居(1),2017.04.07,售价待定,191-236万元
东亚阳光里（商办） ,待售,[浦东-临港新城]浦东新区泥城镇青鸟路269号,二居(1)，三居(1),2017.01.24,"均价22,500元/m²",225-259万元
同润金色橘苑,在售,[浦东-临港新城]万祥镇详凯路（近祥盛路）,三居(2),2017.07.01,"均价27,000元/m²",238-248万元
尚景丽园,在售,[浦东-周康]康桥镇梓营路155弄,一居(1)，二居(1)，三居(3),2018.01.19,"均价40,000元/m²",271-586万元
东方颐城（别墅）,在售,[浦东-临港新城]浦东区书院镇丽正路99弄,三居(2)，四居(2),2018.02.28,"最低30,000元/m²起",351-560万元
万科翡翠公园(商办),待售,[浦东-张江]浦东张江荣科路277号（近百业路,二居(2),2017.04.05,"均价60,000元/m²",360万元
同润蓝美俊庭（别墅）,在售,[浦东-惠南]浦东大团镇南芦公路989弄...,四居(2),2017.04.07,525-560万元/套,
临港首府别墅,待售,[浦东-临港新城]浦东竹柏路503弄（近茉莉路）,五居及以上(1),2017.04.07,548万元/套,
艺泰一品花园,待售,[浦东-惠南]浦东惠南人民西路1533弄,三居(1)，四居(1),2017.04.07,售价待定,588-651万元
天和湖滨艺墅,在售,[浦东-川沙]上海市浦东新区东亭路425号,四居(2),2017.04.06,752-800万元/套,
花源湾,在售,[浦东-惠南]浦东 南六公路99弄20支弄,四居(1),2017.07.05,897万元/套,
阜兴世纪公馆,在售,"[浦东-陆家嘴滨江]浦东向城路29号C栋
",二居(2)，三居(1),2018.02.25,"均价80,000元/m²",952-976万元
大华斐勒公园,在售,"[浦东-北蔡]北艾路1643弄（近华鹏路）
",二居(1)，三居(1),2018.03.02,"最低108,000元/m²起","1,004万元"
旭辉铂悦西郊,在售,[嘉定-安亭汽车城]嘉定区博园路6155号 ,五居及以上(2),2017.07.05,"1,554-1,702万元/套",
碧桂园嘉誉,售罄,[嘉定-嘉定新城]嘉定区澄浏路与启悦路交汇处,三居(2)，四居(1),2017.07.01,"均价33,000元/m²",总价待定
安高东方御府,售罄,[嘉定-嘉定新城] 嘉定阿克苏南路与崇文...,二居(1)，三居(3)，四居(1),2017.06.02,"均价39,000元/m²",总价待定
方舟苑,售罄,[嘉定-嘉定新城]嘉定区澄浏中路3298弄,二居(1)，三居(1),2017.06.28,"均价37,000元/m²",总价待定
嘉正国际大厦,售罄,[嘉定-安亭汽车城]墨玉路28号（11号...,一居(2),2017.06.28,"均价24,000元/m²",总价待定
路劲上海派Ⅱ,售罄,[嘉定-安亭汽车城]嘉定安亭镇于塘南路82弄 ,二居(3)，三居(6),2017.05.02,"均价33,000元/m²",总价待定
嘉隆国际（别墅）,售罄,[嘉定-嘉定新城]嘉定汇源路288号,三居(1)，四居(1)，五居及以上(1),2017.03.22,总价待定,
新城香溢璟庭,售罄,[嘉定-嘉定新城]嘉定依玛路389号(1...,三居(1),2016.02.24,"均价15,000元/m²",总价待定
古北萃庭,售罄,[嘉定-安亭汽车城]嘉定安亭镇彤闻路77...,三居(1)，四居(1),2017.01.22,"均价25,000元/m²",总价待定
大名城名郡,售罄,[嘉定-安亭汽车城]上海市嘉定区秦安路27弄,三居(1),2017.02.05,"均价29,000元/m²",总价待定
新城悠活城,售罄,[嘉定-嘉定新城]嘉定柳梁路118弄、红石路333弄,二居(1),2017.04.09,"均价15,900元/m²",总价待定
佳兆业城市广场（商办）,售罄,[嘉定-嘉定新城]顺宁路501弄,一居(1)，二居(2),2017.04.18,"均价19,000元/m²",总价待定
路劲上海庄园(别墅),售罄,[嘉定-安亭汽车城]嘉定区外冈镇百安公路...,三居(2),2018.02.25,总价待定,
日月光伯爵公馆,售罄,[嘉定-嘉定新城]嘉定城北路338号（紧...,三居(2),2017.03.15,"均价23,000元/m²",总价待定
湖畔天下（商办）,售罄,[嘉定-南翔]上海市嘉定区南翔镇瑞林路1...,四居(2),2017.04.10,"均价24,000元/m²",总价待定
誉品原墅,售罄,[松江-松江新城]松江区人民北路3088...,五居及以上(2),2017.02.27,总价待定,
金地JIMU积木（别墅）,售罄,[松江-马桥]松江区影佳路影视路路口,三居(3),2017.12.15,总价待定,
金地自在城2期,售罄,[松江-泗泾]泗陈公路1888弄,三居(1),2017.03.06,"均价20,000元/m²",总价待定
万业梦立方,售罄,[松江-泗泾]松江泗通路688弄（近泗陈公路）,二居(2),2017.04.07,售价待定,237-243万元
安贝尔花园,售罄,[松江-松江新城]松江影振路299弄（近...,二居(1)，三居(1),2017.02.15,"均价22,000元/m²",总价待定
信达蓝爵,售罄,[松江-松江新城]松江光星路1688号（...,三居(1),2016.01.06,售价待定,总价待定
新城水云间,售罄,[松江-松江老城]松江中山西路1号,四居(1),2017.01.19,总价待定,
绿庭悦公馆,售罄,[松江-松江新城]松江新松江路555弄（...,三居(1),2016.09.20,"均价31,000元/m²",总价待定
雅居乐星徽,售罄,[松江-马桥]松江影佳路333号（靠近影城路）,二居(1),2016.10.28,"均价18,000元/m²",总价待定
建发玖珑湾,售罄,[松江-泗泾]松江泗泾镇泗宝路外婆泾路交汇处,二居(2)，三居(1),2017.03.14,"均价35,000元/m²",总价待定
达安圣芭芭花园,售罄,[松江-新桥]松江明中路1177弄,四居(1),2014.11.18,总价待定,
松江颐景园,售罄,[松江-松江老城]松江荣乐西路1058弄...,三居(2),2016.10.21,"均价43,000元/m²",总价待定
龙湖新壹城,售罄,[松江-松江新城]上海松江新城谷阳北路梅...,一居(1),2017.04.18,"均价27,000元/m²",总价待定
乐都新界,售罄,[松江-松江老城]松江乐都西路959弄,二居(3),2017.03.20,"均价25,000元/m²",133-163万元
万科云间传奇,售罄,[松江-松江新城]松江辰塔路2155号（...,三居(2),2016.10.12,"均价31,000元/m²",总价待定
旭辉朗悦庭,售罄,[青浦-朱家角]青浦区练塘镇章练塘路878弄,一居(1)，三居(1),2016.10.08,"均价13,000元/m²",总价待定
怀盛399生活广场,售罄,[青浦-青浦新城]青浦淀山湖大道399号,二居(2),2017.03.23,"均价29,000元/m²",总价待定
龙湖紫都城,售罄,[青浦-青浦新城]青浦新城汇金路与盈港东...,三居(1)，四居(1),2016.12.21,"均价24,000元/m²",总价待定
海珀晶华,售罄,[青浦-徐泾]青浦沪青平公路2059弄,四居(1)，五居及以上(1),2016.10.20,总价待定,
海上湾闻涧（别墅）,售罄,[青浦-朱家角]青浦朱家角镇绿舟路复兴路,三居(1),2017.04.10,总价待定,
南山雨果,售罄,[青浦-徐泾]徐泾镇叶联路666弄,二居(1),2016.10.21,"均价45,000元/m²",总价待定
万科虹桥源墅,售罄,[青浦-赵巷]青浦区福定路289弄,三居(1),2014.11.19,总价待定,
新城忆华里,售罄,[青浦-青浦新城]青浦区漕穗北路（规划路...,二居(1),2016.02.05,"均价20,000元/m²",总价待定
摩登蜂巢,售罄,[青浦-青浦北部]青浦区崧建路688弄,一居(3)，二居(1),2016.12.06,"均价20,000元/m²",总价待定
招商虹桥华府,售罄,[青浦-徐泾]沪青平公路1489弄,二居(1)，三居(1),2015.01.16,"均价30,000元/m²",总价待定
海上湾闻涧,售罄,[青浦-朱家角]上海市青浦区朱家角绿舟路228弄,二居(1)，三居(1),2016.11.23,"均价16,800元/m²",总价待定
朱家角1号,售罄,[青浦-朱家角] 青浦朱家角沙淀中路288号,四居(3),2017.07.01,总价待定,
东渡青筑别墅,售罄,[青浦-青浦新城]青浦区盈清路55弄,四居(1)，五居及以上(1),2017.03.13,总价待定,
西郊半岛名苑,售罄,[青浦-华漕]上海市青浦区青浦华新镇新府...,二居(1)，三居(1),2016.11.23,"均价36,000元/m²",总价待定
联美品悦,售罄,[青浦-青浦新城]青浦秀淳路277弄,二居(1)，三居(1),2016.04.12,"均价27,000元/m²",总价待定
景瑞尚滨江,在售,"[浦东-塘桥]浦明路1288弄10号
",开间(4),2017.04.05,"均价120,000元/m²","1,008-4,032万元"
尼德兰北岸,在售,[浦东-外高桥]浦东溪兰路169弄,二居(1)，三居(1),2017.03.15,"1,053-1,394万元/套",
尼德兰官邸,待售,[浦东-外高桥]浦东莱阳路3777弄( ...,开间(1),2017.03.20,"均价60,000元/m²","1,400万元"
中金海棠湾（别墅）,在售,[浦东-航头]浦东周东南路599弄（近周祝公路）,三居(1),2018.01.28,"1,512万元/套",
尼德兰官邸（别墅）,在售,[浦东-外高桥]浦东莱阳路3777弄( ...,四居(1)，五居及以上(1),2017.04.12,"1,710-1,866万元/套",
银亿公园壹号,在售,"[浦东-花木]浦东花木路826号
",三居(2),2017.04.05,"均价120,000元/m²","2,040-2,184万元"
金大元御珑宫廷(别墅),在售,[浦东-唐镇]浦东唐丰路881弄,五居及以上(1),2017.04.06,"2,160万元/套",
国信世纪海景,在售,[浦东-塘桥] 浦东浦明路1308号(塘...,三居(1),2017.01.12,"均价100,000元/m²","2,340万元"
仁恒公园世纪,在售,[浦东-花木]杨高南路与浦建路的交汇处,二居(1)，四居(1)，五居及以上(1),2018.01.19,"均价125,000元/m²","3,438万元"
东郊罗兰别墅,在售,[浦东-张江]浦东新区金桥路3221弄（...,四居(3)，五居及以上(1),2017.02.07,"3,900-5,369万元/套",
滨江凯旋门,在售,[浦东-陆家嘴滨江]上海市浦东新区世纪大...,四居(1),2017.01.23,"均价150,000元/m²","4,200万元"
中骏柏景湾,售罄,[浦东-周康]浦东区渡桥路78弄 ,三居(2),2017.11.03,"均价46,700元/m²",总价待定
朗诗里程,售罄,[浦东-临港新城]浦东新区渔港路230号,二居(1)，三居(1),2017.02.13,"均价21,000元/m²",总价待定
东原逸墅,售罄,[浦东-惠南]浦东拱北路川南奉公路口,三居(2),2017.05.26,"均价60,000元/m²",总价待定
陆家嘴锦绣前城,售罄,[浦东-花木]浦东锦绣路2466弄（近锦绣小学）,三居(2)，四居(1),2017.02.14,"均价74,000元/m²",总价待定
新城香溢澜庭,售罄,[嘉定-嘉定新城]嘉定云谷路1527号（...,四居(1),2014.12.16,总价待定,
底特律财富天地,售罄,[嘉定-安亭汽车城]嘉定安亭镇曹安路55...,二居(2)，三居(1),2017.03.15,"均价16,000元/m²",总价待定
路劲上海庄园,售罄,[嘉定-安亭汽车城]嘉定区外冈镇百安公路...,一居(1)，二居(2),2017.06.13,"均价28,000元/m²",总价待定
新城金郡M11金座,售罄,[嘉定-新桥]嘉定区白银路1326号,三居(2),2016.11.17,"均价35,000元/m²",总价待定
金地世家（别墅）,售罄,"[嘉定-嘉定新城]嘉定区嘉定新城合作路119弄
",四居(2),2018.03.07,总价待定,
中建溪岸澜庭,售罄,[嘉定-南翔]嘉定区德园路1259弄,三居(1),2015.05.26,"均价22,000元/m²",总价待定
中星海上名豪苑四期御菁园,售罄,[嘉定-江桥]嘉定海波路850弄,二居(1),2015.03.31,"均价22,000元/m²",总价待定
瑞凯丽庭,售罄,[嘉定-嘉定新城]嘉定嘉戬公路339号,一居(2)，三居(1),2016.12.22,"均价35,000元/m²",总价待定
湖畔天下（别墅）,售罄,[嘉定-南翔]嘉定瑞林路800弄（瑞林路...,四居(1),2017.01.23,总价待定,
白银时代,售罄,[嘉定-嘉定新城]嘉定云谷路1233弄(...,二居(2)，三居(2),2017.04.07,"均价25,000元/m²",总价待定
翡翠公馆,售罄,[嘉定-安亭汽车城]嘉定安亭镇墨玉路398号,四居(1),2017.05.16,"均价20,000元/m²",总价待定
华谊禄丰苑,售罄,[嘉定-嘉定新城]嘉定澄浏中路与申霞路交汇处,二居(1)，三居(1),2017.01.19,"均价26,000元/m²",总价待定
远香湖1号,售罄,[嘉定-嘉定新城]嘉定新城伊宁路181弄...,三居(1),2016.04.20,"均价25,000元/m²",总价待定
翔和雅苑,售罄,[嘉定-南翔],三居(1),2015.02.13,售价待定,总价待定
新里崴廉公馆,售罄,[嘉定-南翔]嘉定德华路79弄，德华路8...,三居(1),2017.04.13,"均价17,000元/m²",总价待定
东鼎名人府邸,售罄,[松江-松江新城]松江区新松江路1455号,三居(1),2017.01.10,"均价27,000元/m²",总价待定
绿地香缇,售罄,[松江-泗泾]松江祥严路218号,三居(1),2017.02.20,"均价24,100元/m²",总价待定
万宇荣盛名邸三期,售罄,[松江-九亭]松江莘闵别墅区莘松路1500弄,二居(1),2016.04.06,"均价20,000元/m²",总价待定
米兰诺贵都别墅,售罄,[松江-泗泾]松江古楼公路1899弄（近...,,2016.06.22,总价待定,
米兰诺贵都,售罄,[松江-泗泾]古楼公路1899弄（近嘉松南路）,二居(1),2016.06.22,"均价23,000元/m²",总价待定
摩卡小城,售罄,[松江-九亭]松江九亭镇九杜路505弄,二居(2),2017.03.02,"均价43,562元/m²",总价待定
同润Golf别墅,售罄,[松江-松江新城]松江车墩镇影佳路123弄,五居及以上(2),2017.02.08,总价待定,
华亭别墅二期,售罄,[松江-松江新城]松江文诚路1800弄,四居(1),2016.08.15,总价待定,
龙湖锦宸公馆,售罄,[松江-松江老城]松江三新路松汇路路口,三居(1),2016.05.06,"均价30,000元/m²",总价待定
誉品谷水湾,售罄,[松江-松江新城]龙马路185弄（近广富林路）,二居(2),2017.04.13,"均价20,000元/m²",总价待定
九洲大唐花园,售罄,[松江-九亭]沪淞公路1789弄 ,五居及以上(1),2016.10.15,总价待定,
辰弘佳苑,售罄,[松江-松江新城]松江区弘翔路566弄,二居(1),2015.07.16,"均价21,000元/m²",总价待定
龙祥御院,售罄,[松江-新桥]松江新桥镇明中路699弄（...,五居及以上(1),2016.08.24,总价待定,
上坤旭辉墅,售罄,[松江-泗泾]新农河路508号,三居(1),2016.10.25,总价待定,
同润菲诗艾伦,售罄,[松江-泗泾]松江泗泾镇古楼路1198号...,四居(1),2016.06.07,"均价28,000元/m²",总价待定
青浦珠光苑,售罄,[青浦-朱家角] 青浦区朱家角珠光新村10-103号,一居(1),2014.02.14,"均价13,000元/m²",总价待定
富兴雅苑,售罄,[青浦-青浦新城]青浦外青松公路5587号,二居(1)，三居(1),2013.07.10,"均价13,000元/m²",总价待定
富力桃园别墅,售罄,[青浦-青浦新城]青浦清河湾路389弄,四居(1),2013.04.02,总价待定,
锦绣逸庭(别墅),售罄,[青浦-徐泾]青浦徐盈路588弄(近盈港东路),四居(1)，五居及以上(1),2017.03.24,总价待定,
锦绣逸庭,售罄,[青浦-徐泾]青浦徐盈路588弄(近盈港东路,四居(2),2017.03.24,"均价26,000元/m²",总价待定
大华西郊别墅,售罄,[青浦-徐泾]上海市青浦区徐泾镇高泾路,三居(1),2016.08.29,总价待定,
证大上海西镇,售罄,[青浦-朱家角]朱家角珠湖路299弄（近...,五居及以上(1),2016.05.23,总价待定,
新虹桥雅苑,售罄,[青浦-徐泾]青浦区徐泾镇谢卫路,二居(1),2015.10.29,"均价29,000元/m²",总价待定
鑫塔水尚,售罄,[青浦-青浦新城]华民南路98弄,三居(1),2016.08.17,"均价30,000元/m²",总价待定
富力桃园,售罄,[青浦-青浦新城]青浦清河湾路389弄,三居(1),2017.03.13,"均价21,000元/m²",总价待定
逸皓华庭别墅,售罄,[青浦-青浦北部]重固镇大街518号(近北青公路) ,二居(1),2015.03.13,总价待定,
绿中海明苑,售罄,[青浦-徐泾]上海市青浦区明珠路555弄,二居(1),2016.12.01,"均价38,000元/m²",总价待定
首创禧悦,售罄,[青浦-青浦新城]淀山湖大道丁家港路路口...,二居(1)，三居(1),2017.04.01,"均价41,000元/m²",总价待定
上实和墅,售罄,[青浦-朱家角]青浦区朱家角绿湖路599弄,四居(1),2016.11.21,总价待定,
品臻園安麓别业,售罄,[青浦-朱家角]朱家角课植园路518弄,四居(2),2016.11.17,总价待定,
紫菁庭,售罄,[浦东-临港新城]浦东港辉路500号,二居(3)，三居(6),2017.01.05,"均价17,000元/m²",总价待定
保利铃兰公馆,售罄,[浦东-临港新城]浦东临港新城临港大道铃...,三居(1)，四居(1),2017.06.30,"均价29,500元/m²",总价待定
碧桂园浦东星作,售罄,[浦东-临港新城]浦东青鸟路云夏路口,三居(1),2018.01.28,售价待定,总价待定
九龙仓兰廷,售罄,[浦东-周康]浦东祝家港路399弄（近周东路）,三居(1)，四居(1),2017.01.11,"均价47,000元/m²",405-611万元
保利艾庐,售罄,[浦东-周康]浦东新区蓝靛路1688弄（...,三居(1),2018.01.19,总价待定,
绿都绣云里,售罄,[浦东-祝桥] 浦东南六公路崇溪路路口东侧,二居(2)，三居(2),2018.02.24,售价待定,总价待定
碧桂园浦东星作别墅,售罄,[浦东-临港新城]浦东青鸟路云夏路口,三居(2)，四居(1),2018.02.24,总价待定,
凯德新视界,售罄,[浦东-惠南]浦东祥安路219号（近祥凯路）,二居(1)，三居(1),2017.12.27,"均价23,000元/m²",总价待定
浦东颐景园,售罄,[浦东-惠南]上海市浦东新区拱极路梅花路路口,三居(1)，四居(1),2017.08.25,"均价34,000元/m²",总价待定
保集澜湾红墅,售罄,[浦东-唐镇]浦东宏雅路150弄9号,四居(1),2016.11.01,总价待定,
保利蔚蓝林语,售罄,[浦东-临港新城]浦东临港新城竹柏路500弄,四居(1),2016.12.28,总价待定,
绿地东上海,售罄,[浦东-周康]秀浦路800弄,三居(1),2017.08.23,"均价40,000元/m²",总价待定
东郊花园,售罄,[浦东-张江]上海市浦东新区紫竹路128弄,五居及以上(2),2017.01.03,"11,655-17,395万元/套",
大华悦府,售罄,[浦东-北蔡]浦东华鹏路300弄（近成山路）,四居(1),2016.09.14,"均价90,000元/m²",总价待定
金领国际别墅,售罄,[浦东-曹路]浦东川沙路1666号,四居(2),2016.10.19,总价待定,
中信泰富又一城,售罄,[嘉定-嘉定新城]嘉定新城云屏路518弄,二居(2),2017.04.09,"均价40,000元/m²",总价待定
新城馥华里,售罄,[嘉定-嘉定新城]嘉定新城叶城路周赵路,三居(1),2015.11.29,"均价20,000元/m²",总价待定
安亭中央公园,售罄,[嘉定-安亭汽车城]嘉定安亭镇泽普路588弄,,2016.12.05,总价待定,
日月光伯爵公馆（商办） ,售罄,[嘉定-嘉定新城]嘉定城北路338号（紧...,一居(2),2017.03.15,"均价27,000元/m²",总价待定
禹洲老城里,售罄,[嘉定-嘉定新城]嘉定环城路636号,二居(2),2017.04.05,"均价36,000元/m²",总价待定
万科金色领域,售罄,[嘉定-嘉定新城]嘉定秋竹路801弄,二居(1),2015.02.13,"均价19,000元/m²",总价待定
悦合国际广场,售罄,[嘉定-真新]上海市嘉定区曹安路1911弄,,2017.02.27,售价待定,总价待定
光明D9空间,售罄,[嘉定-嘉定新城]嘉定天祝路377弄 ,二居(2),2017.02.06,"均价23,000元/m²",总价待定
嘉隆国际（商办）,售罄,[嘉定-嘉定新城]嘉定汇源路288号,一居(1),2016.12.07,"均价18,000元/m²",总价待定
华润中央公园（别墅）,售罄,[嘉定-南翔]嘉定芳礼路99弄（近宝翔路）,三居(1)，五居及以上(1),2018.03.02,总价待定,
星湖柒号,售罄,[嘉定-南翔]嘉定浩翔路155号,二居(1),2016.10.27,"均价23,000元/m²",总价待定
中环财富杰座,售罄,[嘉定-真新]梅川路1988号嘉龙大厦414号 ,开间(2),2017.01.17,"均价40,000元/m²",总价待定
嘉定宝龙城市广场,售罄,[嘉定-嘉定新城]嘉定宝塔路德富路交汇处,四居(2),2017.04.07,"均价23,000元/m²",总价待定
阳光城新界,售罄,[嘉定-嘉定新城]嘉定白银路德富路交汇处,二居(1),2016.04.23,"均价21,000元/m²",总价待定
通用国际（商办）,售罄,[嘉定]嘉定德园南路111弄（近银翔路）,二居(1),2016.12.08,"均价18,000元/m²",总价待定
光明松江府,售罄,[松江-松江老城]松江乐都西路1636弄...,三居(1),2017.04.09,"均价27,000元/m²",总价待定
象屿品城,售罄,[松江-九亭]松江雪家桥路1弄（闵松路近...,三居(1),2016.11.22,"均价28,000元/m²",总价待定
纳米魔幻城,售罄,[松江-佘山]松江辰花路5088弄,三居(1),2016.03.25,总价待定,
绿地小9窝,售罄,[松江-泗泾]泗陈公路与赵非公路交汇处,一居(1)，二居(1),2017.06.09,"均价45,000元/m²",总价待定
中展瑞景,售罄,[松江-松江新城]松江广富林路799弄（...,二居(1),2017.02.09,"均价30,000元/m²",总价待定
旭辉丰禄纯真中心,售罄,[松江]松江蒲汇路178弄（近沪亭路）,二居(1),2017.03.07,"均价30,000元/m²",总价待定
三迪曼哈顿,售罄,[松江-松江新城]松江广富林路茸梅路交汇...,一居(2),2017.02.06,"均价22,000元/m²",总价待定
佘山珑原,售罄,[松江-松江新城]松江秋柏路98弄,三居(1),2016.09.09,总价待定,
上坤红树湾,售罄,[松江-松江新城],三居(1),2016.05.12,"均价37,500元/m²",总价待定
万科梦想派,售罄,[松江-松江新城]松江光星路中温路（松江...,二居(1),2015.09.27,"均价23,000元/m²",总价待定
同润青年汇,售罄,[松江-泗泾]车墩镇影佳路123弄,一居(2),2017.01.25,"均价30,000元/m²",总价待定
平高广场,售罄,[松江-松江新城]平高广场位于荣乐中路九...,,2016.11.22,"均价28,000元/m²",总价待定
壹号公馆,售罄,[松江-松江老城]唐明路855弄 ,一居(1),2017.07.31,"均价12,000元/m²",总价待定
雅居乐星爵别墅,售罄,[松江]松江区影佳路333号,四居(1),,总价待定,
松江颐景园别墅,售罄,[松江-松江老城]松江荣乐西路1058弄...,四居(1),2016.10.21,总价待定,
凯迪赫菲庄园,售罄,[青浦-青浦新城]青浦嘉松中路6633号,五居及以上(1),2016.11.24,总价待定,
中信泰富朱家角新城（别墅）,售罄,[青浦-朱家角]青浦朱家角阁游路389弄 ,四居(1)，五居及以上(1),2017.07.05,总价待定,
御澜湾,售罄,[青浦-青浦新城]淀山湖大道199弄 ,四居(1),2015.01.16,"均价28,000元/m²",总价待定
绿地新里派克公馆,售罄,[青浦-青浦新城]青浦汇金路盈港东路路口旁,二居(1)，四居(1),2015.01.16,"均价23,000元/m²",总价待定
万科有山,售罄,[青浦-赵巷]上海市青浦区业锦路,四居(1),2016.11.24,总价待定,
合生御廷园,售罄,[青浦-赵巷]赵巷别墅区巷居路99弄,四居(1),2014.12.25,"均价18,000元/m²",总价待定
怀盛怡庭,售罄,[青浦-青浦新城]青浦漕程路199弄,三居(1),2014.01.29,"均价25,000元/m²",总价待定
兆地尊庭,售罄,[青浦-青浦北部]新益路99弄 ,四居(1),2015.12.30,"均价16,500元/m²",总价待定
现代华庭,售罄,[青浦-青浦北部]青浦区重固镇赵重路2788弄,一居(1),2015.03.03,"均价15,000元/m²",总价待定
绿地河流岛,售罄,[青浦-青浦北部]华志路899弄 ,四居(1),2014.01.06,总价待定,
壹品世家,售罄,[青浦-青浦新城]青浦崧文南路与秀泉路交...,三居(1),2016.11.24,"均价50,000元/m²",总价待定
旭辉百合宫馆别墅,售罄,[青浦-青浦新城]青浦清河湾路425弄,三居(1),2015.08.11,总价待定,
旭辉玫瑰湾,售罄,[青浦-青浦新城]青浦清河湾路699弄,四居(1),2013.08.12,"均价17,000元/m²",总价待定
海上湾,售罄,[青浦-朱家角]朱家角镇绿舟路228号,三居(2),2017.10.21,"均价20,000元/m²",总价待定
居礼别墅,售罄,[青浦-徐泾]青浦高泾路555弄,,,总价待定,
合生前滩一号别墅,售罄,[浦东-三林]浦东西营南路518弄,四居(2),2017.04.09,总价待定,
凯佳尊品国际,售罄,[浦东-川沙]浦东妙川路300号,三居(1),2016.09.28,"均价38,000元/m²",总价待定
新紫茂国际,售罄,[浦东-金桥]浦东巨峰路1058弄1号（金高路口）,一居(2),2016.10.08,"均价28,000元/m²",总价待定
金地艺华年别墅,售罄,[浦东-航头]浦东航鹤路999弄（航三路航鹤路）,五居及以上(1)，开间(1),2016.10.20,总价待定,
金大元御珑宫廷,售罄,[浦东-唐镇]浦东唐丰路881弄,四居(2),2017.01.22,"均价43,000元/m²",总价待定
中洲里程,售罄,[浦东-新场]浦东新区新环北路1373弄...,开间(2),2017.02.09,"均价40,000元/m²",总价待定
建华铂中环,售罄,[浦东-周康]浦东康桥路1029弄（近沪南公路）,三居(1),2017.04.10,"均价55,000元/m²",总价待定
景瑞法兰云廷,售罄,[浦东-惠南]浦东惠南镇沪南公路9181弄1-64号,四居(1)，五居及以上(1),2017.03.15,总价待定,
同润蓝美俊庭,售罄,[浦东-惠南]大团镇南芦公路989弄（近...,二居(1)，三居(2),2016.11.14,"均价26,000元/m²",总价待定
领航uptown,售罄,[浦东-航头]浦东沪南公路5398弄,三居(2),2017.01.12,"均价15,000元/m²",总价待定
丽都璟庭,售罄,[浦东-临港新城]彭平东路88弄（近秋雨路）,三居(1)，四居(1),2016.12.28,"均价27,000元/m²",总价待定
中惠金钻天地,售罄,[浦东-曹路]浦东上川路商业街2247号,开间(2),2017.04.09,"均价38,000元/m²",总价待定
仁恒森兰雅苑三期,售罄,[浦东-外高桥]浦东兰谷路2188弄,三居(1)，四居(1),2018.02.25,售价待定,总价待定
上海檀香湾,售罄,[浦东-新场]上海市浦东新区沪南公路7406号,四居(1),2017.04.14,总价待定,
阳光城愉景湾,售罄,[浦东-川沙]浦东新区川沙路5999号,三居(2),2016.10.12,总价待定,
骏丰嘉峰汇,售罄,[嘉定-南翔]嘉定南翔沪宜公路91号,一居(2),2017.02.21,"均价29,000元/m²",总价待定
新明KID MALL,售罄,[嘉定-南翔]上海市嘉定区X182(丰翔路),一居(1),2016.11.26,"均价24,000元/m²",总价待定
合景理想家,售罄,[嘉定-嘉定新城]嘉定希望路978弄,一居(2),2017.02.09,"均价17,000元/m²",63-71万元
舜喜大楼,售罄,"[嘉定-嘉定新城]上海市嘉定区塔秀路158号
",开间(2),2017.04.01,"均价27,000元/m²",176万元
金地世家,售罄,"[嘉定-嘉定新城]嘉定区嘉定新城合作路119弄
",三居(2)，四居(2),2018.02.01,售价待定,"42,300元/m²"
贝尚湾,售罄,[松江-九亭]松江沪亭北路338弄（近涞寅路） ,三居(2),2017.12.31,售价待定,总价待定
九龙仓兰宫,售罄,[松江-松江新城]松江区谷阳北路2388弄,四居(1),2017.02.28,总价待定,
金地松江艺境,售罄,[松江-松江老城]松江仓轩路177弄10...,四居(1),2015.08.28,"均价22,000元/m²",总价待定
辰弘佳苑别墅,售罄,[松江-松江新城]松江区弘翔路566弄,四居(1),2016.07.16,总价待定,
绿地云天坊,售罄,[松江-泗泾]松江泗泾镇泗宝路108号（...,一居(1),2016.11.15,"均价30,000元/m²",总价待定
新理想花园,售罄,[松江-松江老城]松江荣乐西路768弄（...,,2016.04.13,"均价22,000元/m²",总价待定
同济城市雅筑,售罄,[松江-松江老城]松江环城路860号,二居(1),2015.07.16,"均价18,000元/m²",总价待定
新城云间锦院,售罄,[松江-松江老城]中山西路1号（近玉树路）,三居(1),2016.03.07,总价待定,
万宇荣盛名邸三期逸林湾,售罄,[松江-九亭]松江莘闵别墅区莘松路1500弄,三居(1),2017.04.13,总价待定,
复地九月,售罄,[松江-九亭]松江九亭镇九新公路218弄...,三居(1),2016.03.17,"均价25,000元/m²",总价待定
市北祥腾麓源,售罄,[松江-松江老城]松江永隆路980弄（近...,四居(1),2016.11.16,416万元/套,
中海悦府别墅,售罄,[松江-松江新城]松江区陆家圈路269弄,三居(1)，五居及以上(2),2016.09.20,825-990万元/套,
一方新天地,售罄,[浦东-惠南]惠南镇听潮南路88号,一居(1),2016.10.08,"均价31,000元/m²",总价待定
乾景雅园,售罄,[浦东-北蔡]浦东博华路26弄（近高科西路）,二居(1),2016.04.08,"均价50,000元/m²",总价待定
金海商业广场,售罄,[浦东-金桥]浦东金高路金海路路口,一居(1),2016.09.29,"均价20,000元/m²",总价待定
宝业万华城,售罄,[浦东-惠南]浦东宣黄公路2585弄（近...,,2016.11.28,"均价16,000元/m²",总价待定
融创浦建路727,售罄,"[浦东-塘桥]浦东新区浦建路727号
",一居(1)，二居(1)，三居(1),2017.03.27,"均价70,000元/m²",总价待定
陆家嘴创业街区,售罄,[浦东-洋泾]上海市浦东新区上海市浦东新...,二居(1),2017.01.17,"均价70,000元/m²",总价待定
盛大天地青春里,售罄,[浦东-张江]浦东盛荣路188弄(近中环路),二居(3),2017.03.30,"均价40,000元/m²",总价待定
乾景雅园别墅,售罄,[浦东-北蔡]浦东博华路26弄（近高科西路）,三居(1),2016.04.08,总价待定,
丽都景苑（商办）,售罄,[浦东-临港新城]彭平东路88弄（近秋雨路）,一居(1),2016.12.28,"均价16,000元/m²",总价待定
古北香堤岭,售罄,[浦东-惠南]浦东南六公路578弄（上海...,五居及以上(1),2016.11.14,"1,470万元/套",
